ID,Condition,Item_Num,Answer
56a69c5149bc1ef58f9ab8d169bc0d67,Pos_Final,14,Object
56a69c5149bc1ef58f9ab8d169bc0d67,Pos_Initial,5,Subject
d41b49df86d07998af2b12581c99e7ad,Neg_Initial,16,Object
d41b49df86d07998af2b12581c99e7ad,Neg_Final,9,Subject
d41b49df86d07998af2b12581c99e7ad,Pos_Initial,18,Subject
d41b49df86d07998af2b12581c99e7ad,Pos_Final,19,Subject
d41b49df86d07998af2b12581c99e7ad,Neg_Initial,12,Sender
d41b49df86d07998af2b12581c99e7ad,Neg_Final,17,Subject
d41b49df86d07998af2b12581c99e7ad,Pos_Initial,2,Subject
d41b49df86d07998af2b12581c99e7ad,Pos_Final,3,Subject
d41b49df86d07998af2b12581c99e7ad,Neg_Initial,20,Sender
d41b49df86d07998af2b12581c99e7ad,Neg_Final,5,Subject
d41b49df86d07998af2b12581c99e7ad,Pos_Initial,10,Sender
d41b49df86d07998af2b12581c99e7ad,Pos_Final,7,Object
d41b49df86d07998af2b12581c99e7ad,Neg_Initial,8,Sender
d41b49df86d07998af2b12581c99e7ad,Neg_Final,13,Sender
d41b49df86d07998af2b12581c99e7ad,Pos_Initial,6,Sender
d41b49df86d07998af2b12581c99e7ad,Pos_Final,15,Sender
d41b49df86d07998af2b12581c99e7ad,Neg_Initial,4,Sender
d41b49df86d07998af2b12581c99e7ad,Neg_Final,1,Object
d41b49df86d07998af2b12581c99e7ad,Pos_Initial,14,Sender
d41b49df86d07998af2b12581c99e7ad,Pos_Final,11,Sender
d41b49df86d07998af2b12581c99e7ad,Neg_Initial,16,Object
d41b49df86d07998af2b12581c99e7ad,Neg_Final,9,Subject
d41b49df86d07998af2b12581c99e7ad,Pos_Initial,18,Subject
d41b49df86d07998af2b12581c99e7ad,Pos_Final,19,Subject
d41b49df86d07998af2b12581c99e7ad,Neg_Initial,12,Sender
d41b49df86d07998af2b12581c99e7ad,Neg_Final,17,Subject
d41b49df86d07998af2b12581c99e7ad,Pos_Initial,2,Subject
d41b49df86d07998af2b12581c99e7ad,Pos_Final,3,Subject
d41b49df86d07998af2b12581c99e7ad,Neg_Initial,20,Sender
d41b49df86d07998af2b12581c99e7ad,Neg_Final,5,Subject
d41b49df86d07998af2b12581c99e7ad,Pos_Initial,10,Sender
d41b49df86d07998af2b12581c99e7ad,Pos_Final,7,Object
d41b49df86d07998af2b12581c99e7ad,Neg_Initial,8,Sender
d41b49df86d07998af2b12581c99e7ad,Neg_Final,13,Sender
d41b49df86d07998af2b12581c99e7ad,Pos_Initial,6,Sender
d41b49df86d07998af2b12581c99e7ad,Pos_Final,15,Sender
d41b49df86d07998af2b12581c99e7ad,Neg_Initial,4,Sender
d41b49df86d07998af2b12581c99e7ad,Neg_Final,1,Object
d41b49df86d07998af2b12581c99e7ad,Pos_Initial,14,Sender
d41b49df86d07998af2b12581c99e7ad,Pos_Final,11,Sender
8266cbdf0dafaed9dcfce61410cd45d7,Pos_Final,5,Subject
8266cbdf0dafaed9dcfce61410cd45d7,Neg_Initial,18,Object
8266cbdf0dafaed9dcfce61410cd45d7,Pos_Initial,8,Sender
8266cbdf0dafaed9dcfce61410cd45d7,Neg_Final,3,Sender
8266cbdf0dafaed9dcfce61410cd45d7,Pos_Final,17,Sender
8266cbdf0dafaed9dcfce61410cd45d7,Neg_Initial,10,Sender
8266cbdf0dafaed9dcfce61410cd45d7,Pos_Initial,16,Sender
8266cbdf0dafaed9dcfce61410cd45d7,Neg_Final,7,Sender
8266cbdf0dafaed9dcfce61410cd45d7,Pos_Final,13,Subject
8266cbdf0dafaed9dcfce61410cd45d7,Neg_Initial,14,Subject
8266cbdf0dafaed9dcfce61410cd45d7,Pos_Initial,20,Subject
8266cbdf0dafaed9dcfce61410cd45d7,Neg_Final,11,Subject
8266cbdf0dafaed9dcfce61410cd45d7,Pos_Final,9,Subject
8266cbdf0dafaed9dcfce61410cd45d7,Neg_Initial,6,Subject
8266cbdf0dafaed9dcfce61410cd45d7,Pos_Initial,12,Subject
8266cbdf0dafaed9dcfce61410cd45d7,Neg_Final,19,Object
8266cbdf0dafaed9dcfce61410cd45d7,Pos_Final,1,Object
8266cbdf0dafaed9dcfce61410cd45d7,Neg_Initial,2,Object
8266cbdf0dafaed9dcfce61410cd45d7,Pos_Initial,4,Object
8266cbdf0dafaed9dcfce61410cd45d7,Neg_Final,15,Object
8266cbdf0dafaed9dcfce61410cd45d7,Pos_Final,5,Subject
8266cbdf0dafaed9dcfce61410cd45d7,Neg_Initial,18,Object
8266cbdf0dafaed9dcfce61410cd45d7,Pos_Initial,8,Sender
8266cbdf0dafaed9dcfce61410cd45d7,Neg_Final,3,Sender
8266cbdf0dafaed9dcfce61410cd45d7,Pos_Final,17,Sender
8266cbdf0dafaed9dcfce61410cd45d7,Neg_Initial,10,Sender
8266cbdf0dafaed9dcfce61410cd45d7,Pos_Initial,16,Sender
8266cbdf0dafaed9dcfce61410cd45d7,Neg_Final,7,Sender
8266cbdf0dafaed9dcfce61410cd45d7,Pos_Final,13,Subject
8266cbdf0dafaed9dcfce61410cd45d7,Neg_Initial,14,Subject
8266cbdf0dafaed9dcfce61410cd45d7,Pos_Initial,20,Subject
8266cbdf0dafaed9dcfce61410cd45d7,Neg_Final,11,Subject
8266cbdf0dafaed9dcfce61410cd45d7,Pos_Final,9,Subject
8266cbdf0dafaed9dcfce61410cd45d7,Neg_Initial,6,Subject
8266cbdf0dafaed9dcfce61410cd45d7,Pos_Initial,12,Subject
8266cbdf0dafaed9dcfce61410cd45d7,Neg_Final,19,Object
8266cbdf0dafaed9dcfce61410cd45d7,Pos_Final,1,Object
8266cbdf0dafaed9dcfce61410cd45d7,Neg_Initial,2,Object
8266cbdf0dafaed9dcfce61410cd45d7,Pos_Initial,4,Object
8266cbdf0dafaed9dcfce61410cd45d7,Neg_Final,15,Object
cf1a953dffd2eac7a8e2c5a7c5b51660,Neg_Final,13,Subject
cf1a953dffd2eac7a8e2c5a7c5b51660,Pos_Initial,2,Subject
cf1a953dffd2eac7a8e2c5a7c5b51660,Neg_Initial,12,Sender
cf1a953dffd2eac7a8e2c5a7c5b51660,Pos_Final,19,Sender
cf1a953dffd2eac7a8e2c5a7c5b51660,Neg_Final,1,Sender
cf1a953dffd2eac7a8e2c5a7c5b51660,Pos_Initial,18,Sender
cf1a953dffd2eac7a8e2c5a7c5b51660,Neg_Initial,20,Sender
cf1a953dffd2eac7a8e2c5a7c5b51660,Pos_Final,15,Sender
cf1a953dffd2eac7a8e2c5a7c5b51660,Neg_Final,9,Sender
cf1a953dffd2eac7a8e2c5a7c5b51660,Pos_Initial,6,Sender
cf1a953dffd2eac7a8e2c5a7c5b51660,Neg_Initial,16,Sender
cf1a953dffd2eac7a8e2c5a7c5b51660,Pos_Final,11,Sender
cf1a953dffd2eac7a8e2c5a7c5b51660,Neg_Final,17,Sender
cf1a953dffd2eac7a8e2c5a7c5b51660,Pos_Initial,10,Sender
cf1a953dffd2eac7a8e2c5a7c5b51660,Neg_Initial,4,Sender
cf1a953dffd2eac7a8e2c5a7c5b51660,Pos_Final,3,Sender
cf1a953dffd2eac7a8e2c5a7c5b51660,Neg_Final,5,Sender
cf1a953dffd2eac7a8e2c5a7c5b51660,Pos_Initial,14,Sender
cf1a953dffd2eac7a8e2c5a7c5b51660,Neg_Initial,8,Sender
cf1a953dffd2eac7a8e2c5a7c5b51660,Pos_Final,7,Sender
cf1a953dffd2eac7a8e2c5a7c5b51660,Neg_Final,13,Subject
cf1a953dffd2eac7a8e2c5a7c5b51660,Pos_Initial,2,Subject
cf1a953dffd2eac7a8e2c5a7c5b51660,Neg_Initial,12,Sender
cf1a953dffd2eac7a8e2c5a7c5b51660,Pos_Final,19,Sender
cf1a953dffd2eac7a8e2c5a7c5b51660,Neg_Final,1,Sender
cf1a953dffd2eac7a8e2c5a7c5b51660,Pos_Initial,18,Sender
cf1a953dffd2eac7a8e2c5a7c5b51660,Neg_Initial,20,Sender
cf1a953dffd2eac7a8e2c5a7c5b51660,Pos_Final,15,Sender
cf1a953dffd2eac7a8e2c5a7c5b51660,Neg_Final,9,Sender
cf1a953dffd2eac7a8e2c5a7c5b51660,Pos_Initial,6,Sender
cf1a953dffd2eac7a8e2c5a7c5b51660,Neg_Initial,16,Sender
cf1a953dffd2eac7a8e2c5a7c5b51660,Pos_Final,11,Sender
cf1a953dffd2eac7a8e2c5a7c5b51660,Neg_Final,17,Sender
cf1a953dffd2eac7a8e2c5a7c5b51660,Pos_Initial,10,Sender
cf1a953dffd2eac7a8e2c5a7c5b51660,Neg_Initial,4,Sender
cf1a953dffd2eac7a8e2c5a7c5b51660,Pos_Final,3,Sender
cf1a953dffd2eac7a8e2c5a7c5b51660,Neg_Final,5,Sender
cf1a953dffd2eac7a8e2c5a7c5b51660,Pos_Initial,14,Sender
cf1a953dffd2eac7a8e2c5a7c5b51660,Neg_Initial,8,Sender
cf1a953dffd2eac7a8e2c5a7c5b51660,Pos_Final,7,Sender
cf1a953dffd2eac7a8e2c5a7c5b51660,Pos_Initial,8,Subject
cf1a953dffd2eac7a8e2c5a7c5b51660,Neg_Final,3,Subject
cf1a953dffd2eac7a8e2c5a7c5b51660,Pos_Final,17,Subject
cf1a953dffd2eac7a8e2c5a7c5b51660,Neg_Initial,2,Subject
cf1a953dffd2eac7a8e2c5a7c5b51660,Pos_Initial,16,Subject
cf1a953dffd2eac7a8e2c5a7c5b51660,Neg_Final,19,Subject
cf1a953dffd2eac7a8e2c5a7c5b51660,Pos_Final,9,Subject
cf1a953dffd2eac7a8e2c5a7c5b51660,Neg_Initial,6,Subject
cf1a953dffd2eac7a8e2c5a7c5b51660,Pos_Initial,4,Subject
cf1a953dffd2eac7a8e2c5a7c5b51660,Neg_Final,11,Subject
cf1a953dffd2eac7a8e2c5a7c5b51660,Pos_Final,13,Subject
cf1a953dffd2eac7a8e2c5a7c5b51660,Neg_Initial,10,Subject
cf1a953dffd2eac7a8e2c5a7c5b51660,Pos_Initial,12,Subject
cf1a953dffd2eac7a8e2c5a7c5b51660,Neg_Final,7,Subject
cf1a953dffd2eac7a8e2c5a7c5b51660,Pos_Final,5,Subject
cf1a953dffd2eac7a8e2c5a7c5b51660,Neg_Initial,18,Subject
cf1a953dffd2eac7a8e2c5a7c5b51660,Pos_Initial,20,Subject
cf1a953dffd2eac7a8e2c5a7c5b51660,Neg_Final,15,Subject
cf1a953dffd2eac7a8e2c5a7c5b51660,Pos_Final,1,Subject
cf1a953dffd2eac7a8e2c5a7c5b51660,Neg_Initial,14,Subject
cf1a953dffd2eac7a8e2c5a7c5b51660,Neg_Final,18,Subject
cf1a953dffd2eac7a8e2c5a7c5b51660,Pos_Initial,7,Subject
cf1a953dffd2eac7a8e2c5a7c5b51660,Neg_Initial,1,Subject
cf1a953dffd2eac7a8e2c5a7c5b51660,Pos_Final,16,Subject
cf1a953dffd2eac7a8e2c5a7c5b51660,Neg_Final,10,Subject
cf1a953dffd2eac7a8e2c5a7c5b51660,Pos_Initial,3,Subject
cf1a953dffd2eac7a8e2c5a7c5b51660,Neg_Initial,17,Subject
cf1a953dffd2eac7a8e2c5a7c5b51660,Pos_Final,4,Subject
cf1a953dffd2eac7a8e2c5a7c5b51660,Neg_Final,2,Subject
cf1a953dffd2eac7a8e2c5a7c5b51660,Pos_Initial,11,Subject
cf1a953dffd2eac7a8e2c5a7c5b51660,Neg_Initial,5,Subject
cf1a953dffd2eac7a8e2c5a7c5b51660,Pos_Final,12,Subject
cf1a953dffd2eac7a8e2c5a7c5b51660,Neg_Final,14,Subject
cf1a953dffd2eac7a8e2c5a7c5b51660,Pos_Initial,19,Subject
cf1a953dffd2eac7a8e2c5a7c5b51660,Neg_Initial,13,Subject
cf1a953dffd2eac7a8e2c5a7c5b51660,Pos_Final,20,Subject
cf1a953dffd2eac7a8e2c5a7c5b51660,Neg_Final,6,Subject
cf1a953dffd2eac7a8e2c5a7c5b51660,Pos_Initial,15,Subject
cf1a953dffd2eac7a8e2c5a7c5b51660,Neg_Initial,9,Subject
cf1a953dffd2eac7a8e2c5a7c5b51660,Pos_Final,8,Subject
cf1a953dffd2eac7a8e2c5a7c5b51660,Neg_Final,18,Subject
cf1a953dffd2eac7a8e2c5a7c5b51660,Pos_Initial,7,Subject
cf1a953dffd2eac7a8e2c5a7c5b51660,Neg_Initial,1,Subject
cf1a953dffd2eac7a8e2c5a7c5b51660,Pos_Final,16,Subject
cf1a953dffd2eac7a8e2c5a7c5b51660,Neg_Final,10,Subject
cf1a953dffd2eac7a8e2c5a7c5b51660,Pos_Initial,3,Subject
cf1a953dffd2eac7a8e2c5a7c5b51660,Neg_Initial,17,Subject
cf1a953dffd2eac7a8e2c5a7c5b51660,Pos_Final,4,Subject
cf1a953dffd2eac7a8e2c5a7c5b51660,Neg_Final,2,Subject
cf1a953dffd2eac7a8e2c5a7c5b51660,Pos_Initial,11,Subject
cf1a953dffd2eac7a8e2c5a7c5b51660,Neg_Initial,5,Subject
cf1a953dffd2eac7a8e2c5a7c5b51660,Pos_Final,12,Subject
cf1a953dffd2eac7a8e2c5a7c5b51660,Neg_Final,14,Subject
cf1a953dffd2eac7a8e2c5a7c5b51660,Pos_Initial,19,Subject
cf1a953dffd2eac7a8e2c5a7c5b51660,Neg_Initial,13,Subject
cf1a953dffd2eac7a8e2c5a7c5b51660,Pos_Final,20,Subject
cf1a953dffd2eac7a8e2c5a7c5b51660,Neg_Final,6,Subject
cf1a953dffd2eac7a8e2c5a7c5b51660,Pos_Initial,15,Subject
cf1a953dffd2eac7a8e2c5a7c5b51660,Neg_Initial,9,Subject
cf1a953dffd2eac7a8e2c5a7c5b51660,Pos_Final,8,Subject
8266cbdf0dafaed9dcfce61410cd45d7,Pos_Final,14,Sender
8266cbdf0dafaed9dcfce61410cd45d7,Neg_Final,20,Object
8266cbdf0dafaed9dcfce61410cd45d7,Pos_Initial,13,Sender
8266cbdf0dafaed9dcfce61410cd45d7,Neg_Initial,7,Sender
8266cbdf0dafaed9dcfce61410cd45d7,Pos_Final,2,Sender
8266cbdf0dafaed9dcfce61410cd45d7,Neg_Final,8,Sender
8266cbdf0dafaed9dcfce61410cd45d7,Pos_Initial,9,Sender
8266cbdf0dafaed9dcfce61410cd45d7,Neg_Initial,11,Sender
8266cbdf0dafaed9dcfce61410cd45d7,Pos_Final,18,Sender
8266cbdf0dafaed9dcfce61410cd45d7,Neg_Final,12,Sender
8266cbdf0dafaed9dcfce61410cd45d7,Pos_Initial,1,Sender
8266cbdf0dafaed9dcfce61410cd45d7,Neg_Initial,15,Sender
8266cbdf0dafaed9dcfce61410cd45d7,Pos_Final,6,Sender
8266cbdf0dafaed9dcfce61410cd45d7,Neg_Final,16,Sender
8266cbdf0dafaed9dcfce61410cd45d7,Pos_Initial,5,Sender
8266cbdf0dafaed9dcfce61410cd45d7,Neg_Initial,3,Sender
8266cbdf0dafaed9dcfce61410cd45d7,Pos_Final,10,Sender
8266cbdf0dafaed9dcfce61410cd45d7,Neg_Final,4,Sender
8266cbdf0dafaed9dcfce61410cd45d7,Pos_Initial,17,Sender
8266cbdf0dafaed9dcfce61410cd45d7,Neg_Initial,19,Sender
8266cbdf0dafaed9dcfce61410cd45d7,Pos_Final,14,Sender
8266cbdf0dafaed9dcfce61410cd45d7,Neg_Final,20,Object
8266cbdf0dafaed9dcfce61410cd45d7,Pos_Initial,13,Sender
8266cbdf0dafaed9dcfce61410cd45d7,Neg_Initial,7,Sender
8266cbdf0dafaed9dcfce61410cd45d7,Pos_Final,2,Sender
8266cbdf0dafaed9dcfce61410cd45d7,Neg_Final,8,Sender
8266cbdf0dafaed9dcfce61410cd45d7,Pos_Initial,9,Sender
8266cbdf0dafaed9dcfce61410cd45d7,Neg_Initial,11,Sender
8266cbdf0dafaed9dcfce61410cd45d7,Pos_Final,18,Sender
8266cbdf0dafaed9dcfce61410cd45d7,Neg_Final,12,Sender
8266cbdf0dafaed9dcfce61410cd45d7,Pos_Initial,1,Sender
8266cbdf0dafaed9dcfce61410cd45d7,Neg_Initial,15,Sender
8266cbdf0dafaed9dcfce61410cd45d7,Pos_Final,6,Sender
8266cbdf0dafaed9dcfce61410cd45d7,Neg_Final,16,Sender
8266cbdf0dafaed9dcfce61410cd45d7,Pos_Initial,5,Sender
8266cbdf0dafaed9dcfce61410cd45d7,Neg_Initial,3,Sender
8266cbdf0dafaed9dcfce61410cd45d7,Pos_Final,10,Sender
8266cbdf0dafaed9dcfce61410cd45d7,Neg_Final,4,Sender
8266cbdf0dafaed9dcfce61410cd45d7,Pos_Initial,17,Sender
8266cbdf0dafaed9dcfce61410cd45d7,Neg_Initial,19,Sender
157010514e44cfed94c59f2ac3176f57,Pos_Final,14,Subject
157010514e44cfed94c59f2ac3176f57,Neg_Initial,3,Sender
157010514e44cfed94c59f2ac3176f57,Pos_Initial,13,Sender
157010514e44cfed94c59f2ac3176f57,Neg_Final,4,Sender
157010514e44cfed94c59f2ac3176f57,Pos_Final,6,Sender
157010514e44cfed94c59f2ac3176f57,Neg_Initial,7,Sender
157010514e44cfed94c59f2ac3176f57,Pos_Initial,1,Sender
157010514e44cfed94c59f2ac3176f57,Neg_Final,12,Sender
157010514e44cfed94c59f2ac3176f57,Pos_Final,18,Sender
157010514e44cfed94c59f2ac3176f57,Neg_Initial,11,Sender
157010514e44cfed94c59f2ac3176f57,Pos_Initial,5,Sender
157010514e44cfed94c59f2ac3176f57,Neg_Final,8,Sender
157010514e44cfed94c59f2ac3176f57,Pos_Final,2,Sender
157010514e44cfed94c59f2ac3176f57,Neg_Initial,19,Sender
157010514e44cfed94c59f2ac3176f57,Pos_Initial,17,Sender
157010514e44cfed94c59f2ac3176f57,Neg_Final,16,Sender
157010514e44cfed94c59f2ac3176f57,Pos_Final,10,Sender
157010514e44cfed94c59f2ac3176f57,Neg_Initial,15,Sender
157010514e44cfed94c59f2ac3176f57,Pos_Initial,9,Sender
157010514e44cfed94c59f2ac3176f57,Neg_Final,20,Sender
157010514e44cfed94c59f2ac3176f57,Pos_Final,14,Subject
157010514e44cfed94c59f2ac3176f57,Neg_Initial,3,Sender
157010514e44cfed94c59f2ac3176f57,Pos_Initial,13,Sender
157010514e44cfed94c59f2ac3176f57,Neg_Final,4,Sender
157010514e44cfed94c59f2ac3176f57,Pos_Final,6,Sender
157010514e44cfed94c59f2ac3176f57,Neg_Initial,7,Sender
157010514e44cfed94c59f2ac3176f57,Pos_Initial,1,Sender
157010514e44cfed94c59f2ac3176f57,Neg_Final,12,Sender
157010514e44cfed94c59f2ac3176f57,Pos_Final,18,Sender
157010514e44cfed94c59f2ac3176f57,Neg_Initial,11,Sender
157010514e44cfed94c59f2ac3176f57,Pos_Initial,5,Sender
157010514e44cfed94c59f2ac3176f57,Neg_Final,8,Sender
157010514e44cfed94c59f2ac3176f57,Pos_Final,2,Sender
157010514e44cfed94c59f2ac3176f57,Neg_Initial,19,Sender
157010514e44cfed94c59f2ac3176f57,Pos_Initial,17,Sender
157010514e44cfed94c59f2ac3176f57,Neg_Final,16,Sender
157010514e44cfed94c59f2ac3176f57,Pos_Final,10,Sender
157010514e44cfed94c59f2ac3176f57,Neg_Initial,15,Sender
157010514e44cfed94c59f2ac3176f57,Pos_Initial,9,Sender
157010514e44cfed94c59f2ac3176f57,Neg_Final,20,Sender
c614010dfb4bd2849ab95fbc5e56df3d,Neg_Final,14,Object
c614010dfb4bd2849ab95fbc5e56df3d,Pos_Initial,19,Object
c614010dfb4bd2849ab95fbc5e56df3d,Pos_Final,8,Object
c614010dfb4bd2849ab95fbc5e56df3d,Neg_Initial,9,Object
c614010dfb4bd2849ab95fbc5e56df3d,Neg_Final,2,Object
c614010dfb4bd2849ab95fbc5e56df3d,Pos_Initial,15,Object
c614010dfb4bd2849ab95fbc5e56df3d,Pos_Final,20,Object
c614010dfb4bd2849ab95fbc5e56df3d,Neg_Initial,13,Object
c614010dfb4bd2849ab95fbc5e56df3d,Neg_Final,18,Object
c614010dfb4bd2849ab95fbc5e56df3d,Pos_Initial,7,Object
c614010dfb4bd2849ab95fbc5e56df3d,Pos_Final,12,Object
c614010dfb4bd2849ab95fbc5e56df3d,Neg_Initial,17,Object
c614010dfb4bd2849ab95fbc5e56df3d,Neg_Final,6,Object
c614010dfb4bd2849ab95fbc5e56df3d,Pos_Initial,3,Object
c614010dfb4bd2849ab95fbc5e56df3d,Pos_Final,16,Object
c614010dfb4bd2849ab95fbc5e56df3d,Neg_Initial,5,Object
c614010dfb4bd2849ab95fbc5e56df3d,Neg_Final,10,Object
c614010dfb4bd2849ab95fbc5e56df3d,Pos_Initial,11,Object
c614010dfb4bd2849ab95fbc5e56df3d,Pos_Final,4,Object
c614010dfb4bd2849ab95fbc5e56df3d,Neg_Initial,1,Object
c614010dfb4bd2849ab95fbc5e56df3d,Neg_Final,14,Object
c614010dfb4bd2849ab95fbc5e56df3d,Pos_Initial,19,Object
c614010dfb4bd2849ab95fbc5e56df3d,Pos_Final,8,Object
c614010dfb4bd2849ab95fbc5e56df3d,Neg_Initial,9,Object
c614010dfb4bd2849ab95fbc5e56df3d,Neg_Final,2,Object
c614010dfb4bd2849ab95fbc5e56df3d,Pos_Initial,15,Object
c614010dfb4bd2849ab95fbc5e56df3d,Pos_Final,20,Object
c614010dfb4bd2849ab95fbc5e56df3d,Neg_Initial,13,Object
c614010dfb4bd2849ab95fbc5e56df3d,Neg_Final,18,Object
c614010dfb4bd2849ab95fbc5e56df3d,Pos_Initial,7,Object
c614010dfb4bd2849ab95fbc5e56df3d,Pos_Final,12,Object
c614010dfb4bd2849ab95fbc5e56df3d,Neg_Initial,17,Object
c614010dfb4bd2849ab95fbc5e56df3d,Neg_Final,6,Object
c614010dfb4bd2849ab95fbc5e56df3d,Pos_Initial,3,Object
c614010dfb4bd2849ab95fbc5e56df3d,Pos_Final,16,Object
c614010dfb4bd2849ab95fbc5e56df3d,Neg_Initial,5,Object
c614010dfb4bd2849ab95fbc5e56df3d,Neg_Final,10,Object
c614010dfb4bd2849ab95fbc5e56df3d,Pos_Initial,11,Object
c614010dfb4bd2849ab95fbc5e56df3d,Pos_Final,4,Object
c614010dfb4bd2849ab95fbc5e56df3d,Neg_Initial,1,Object
c614010dfb4bd2849ab95fbc5e56df3d,Neg_Initial,19,Sender
c614010dfb4bd2849ab95fbc5e56df3d,Pos_Final,18,Sender
c614010dfb4bd2849ab95fbc5e56df3d,Pos_Initial,17,Sender
c614010dfb4bd2849ab95fbc5e56df3d,Neg_Final,4,Sender
c614010dfb4bd2849ab95fbc5e56df3d,Neg_Initial,3,Sender
c614010dfb4bd2849ab95fbc5e56df3d,Pos_Final,10,Sender
c614010dfb4bd2849ab95fbc5e56df3d,Pos_Initial,5,Sender
c614010dfb4bd2849ab95fbc5e56df3d,Neg_Final,16,Sender
c614010dfb4bd2849ab95fbc5e56df3d,Neg_Initial,11,Sender
c614010dfb4bd2849ab95fbc5e56df3d,Pos_Final,2,Sender
c614010dfb4bd2849ab95fbc5e56df3d,Pos_Initial,1,Sender
c614010dfb4bd2849ab95fbc5e56df3d,Neg_Final,12,Sender
c614010dfb4bd2849ab95fbc5e56df3d,Neg_Initial,7,Sender
c614010dfb4bd2849ab95fbc5e56df3d,Pos_Final,6,Sender
c614010dfb4bd2849ab95fbc5e56df3d,Pos_Initial,9,Sender
c614010dfb4bd2849ab95fbc5e56df3d,Neg_Final,8,Sender
c614010dfb4bd2849ab95fbc5e56df3d,Neg_Initial,15,Sender
c614010dfb4bd2849ab95fbc5e56df3d,Pos_Final,14,Sender
c614010dfb4bd2849ab95fbc5e56df3d,Pos_Initial,13,Sender
c614010dfb4bd2849ab95fbc5e56df3d,Neg_Final,20,Sender
c614010dfb4bd2849ab95fbc5e56df3d,Neg_Final,7,Sender
c614010dfb4bd2849ab95fbc5e56df3d,Pos_Final,1,Sender
c614010dfb4bd2849ab95fbc5e56df3d,Pos_Initial,20,Sender
c614010dfb4bd2849ab95fbc5e56df3d,Neg_Initial,18,Sender
c614010dfb4bd2849ab95fbc5e56df3d,Neg_Final,15,Sender
c614010dfb4bd2849ab95fbc5e56df3d,Pos_Final,13,Sender
c614010dfb4bd2849ab95fbc5e56df3d,Pos_Initial,8,Sender
c614010dfb4bd2849ab95fbc5e56df3d,Neg_Initial,10,Sender
c614010dfb4bd2849ab95fbc5e56df3d,Neg_Final,3,Sender
c614010dfb4bd2849ab95fbc5e56df3d,Pos_Final,17,Sender
c614010dfb4bd2849ab95fbc5e56df3d,Pos_Initial,16,Sender
c614010dfb4bd2849ab95fbc5e56df3d,Neg_Initial,14,Sender
c614010dfb4bd2849ab95fbc5e56df3d,Neg_Final,19,Sender
c614010dfb4bd2849ab95fbc5e56df3d,Pos_Final,9,Sender
c614010dfb4bd2849ab95fbc5e56df3d,Pos_Initial,12,Sender
c614010dfb4bd2849ab95fbc5e56df3d,Neg_Initial,6,Sender
c614010dfb4bd2849ab95fbc5e56df3d,Neg_Final,11,Sender
c614010dfb4bd2849ab95fbc5e56df3d,Pos_Final,5,Sender
c614010dfb4bd2849ab95fbc5e56df3d,Pos_Initial,4,Sender
c614010dfb4bd2849ab95fbc5e56df3d,Neg_Initial,2,Sender
c614010dfb4bd2849ab95fbc5e56df3d,Neg_Initial,17,Sender
c614010dfb4bd2849ab95fbc5e56df3d,Neg_Final,2,Sender
c614010dfb4bd2849ab95fbc5e56df3d,Pos_Initial,11,Sender
c614010dfb4bd2849ab95fbc5e56df3d,Pos_Final,8,Sender
c614010dfb4bd2849ab95fbc5e56df3d,Neg_Initial,9,Sender
c614010dfb4bd2849ab95fbc5e56df3d,Neg_Final,10,Sender
c614010dfb4bd2849ab95fbc5e56df3d,Pos_Initial,19,Sender
c614010dfb4bd2849ab95fbc5e56df3d,Pos_Final,12,Sender
c614010dfb4bd2849ab95fbc5e56df3d,Neg_Initial,13,Sender
c614010dfb4bd2849ab95fbc5e56df3d,Neg_Final,18,Sender
c614010dfb4bd2849ab95fbc5e56df3d,Pos_Initial,3,Sender
c614010dfb4bd2849ab95fbc5e56df3d,Pos_Final,20,Sender
c614010dfb4bd2849ab95fbc5e56df3d,Neg_Initial,1,Sender
c614010dfb4bd2849ab95fbc5e56df3d,Neg_Final,6,Sender
c614010dfb4bd2849ab95fbc5e56df3d,Pos_Initial,7,Sender
c614010dfb4bd2849ab95fbc5e56df3d,Pos_Final,4,Sender
c614010dfb4bd2849ab95fbc5e56df3d,Neg_Initial,5,Sender
c614010dfb4bd2849ab95fbc5e56df3d,Neg_Final,14,Sender
c614010dfb4bd2849ab95fbc5e56df3d,Pos_Initial,15,Sender
c614010dfb4bd2849ab95fbc5e56df3d,Pos_Final,16,Sender
c614010dfb4bd2849ab95fbc5e56df3d,Neg_Initial,17,Sender
c614010dfb4bd2849ab95fbc5e56df3d,Neg_Final,2,Sender
c614010dfb4bd2849ab95fbc5e56df3d,Pos_Initial,11,Sender
c614010dfb4bd2849ab95fbc5e56df3d,Pos_Final,8,Sender
c614010dfb4bd2849ab95fbc5e56df3d,Neg_Initial,9,Sender
c614010dfb4bd2849ab95fbc5e56df3d,Neg_Final,10,Sender
c614010dfb4bd2849ab95fbc5e56df3d,Pos_Initial,19,Sender
c614010dfb4bd2849ab95fbc5e56df3d,Pos_Final,12,Sender
c614010dfb4bd2849ab95fbc5e56df3d,Neg_Initial,13,Sender
c614010dfb4bd2849ab95fbc5e56df3d,Neg_Final,18,Sender
c614010dfb4bd2849ab95fbc5e56df3d,Pos_Initial,3,Sender
c614010dfb4bd2849ab95fbc5e56df3d,Pos_Final,20,Sender
c614010dfb4bd2849ab95fbc5e56df3d,Neg_Initial,1,Sender
c614010dfb4bd2849ab95fbc5e56df3d,Neg_Final,6,Sender
c614010dfb4bd2849ab95fbc5e56df3d,Pos_Initial,7,Sender
c614010dfb4bd2849ab95fbc5e56df3d,Pos_Final,4,Sender
c614010dfb4bd2849ab95fbc5e56df3d,Neg_Initial,5,Sender
c614010dfb4bd2849ab95fbc5e56df3d,Neg_Final,14,Sender
c614010dfb4bd2849ab95fbc5e56df3d,Pos_Initial,15,Sender
c614010dfb4bd2849ab95fbc5e56df3d,Pos_Final,16,Sender
c614010dfb4bd2849ab95fbc5e56df3d,Pos_Initial,1,Sender
c614010dfb4bd2849ab95fbc5e56df3d,Neg_Initial,3,Sender
c614010dfb4bd2849ab95fbc5e56df3d,Pos_Final,10,Sender
c614010dfb4bd2849ab95fbc5e56df3d,Neg_Final,12,Sender
c614010dfb4bd2849ab95fbc5e56df3d,Pos_Initial,9,Sender
c614010dfb4bd2849ab95fbc5e56df3d,Neg_Initial,15,Sender
c614010dfb4bd2849ab95fbc5e56df3d,Pos_Final,14,Sender
c614010dfb4bd2849ab95fbc5e56df3d,Neg_Final,20,Sender
c614010dfb4bd2849ab95fbc5e56df3d,Pos_Initial,13,Sender
c614010dfb4bd2849ab95fbc5e56df3d,Neg_Initial,11,Sender
c614010dfb4bd2849ab95fbc5e56df3d,Pos_Final,18,Sender
c614010dfb4bd2849ab95fbc5e56df3d,Neg_Final,4,Sender
c614010dfb4bd2849ab95fbc5e56df3d,Pos_Initial,5,Sender
c614010dfb4bd2849ab95fbc5e56df3d,Neg_Initial,7,Sender
c614010dfb4bd2849ab95fbc5e56df3d,Pos_Final,2,Sender
c614010dfb4bd2849ab95fbc5e56df3d,Neg_Final,8,Sender
c614010dfb4bd2849ab95fbc5e56df3d,Pos_Initial,17,Sender
c614010dfb4bd2849ab95fbc5e56df3d,Neg_Initial,19,Sender
c614010dfb4bd2849ab95fbc5e56df3d,Pos_Final,6,Sender
c614010dfb4bd2849ab95fbc5e56df3d,Neg_Final,16,Sender
157010514e44cfed94c59f2ac3176f57,Pos_Final,13,Subject
157010514e44cfed94c59f2ac3176f57,Neg_Initial,14,Sender
157010514e44cfed94c59f2ac3176f57,Neg_Final,11,Sender
157010514e44cfed94c59f2ac3176f57,Pos_Initial,12,Sender
157010514e44cfed94c59f2ac3176f57,Pos_Final,1,Sender
157010514e44cfed94c59f2ac3176f57,Neg_Initial,2,Sender
157010514e44cfed94c59f2ac3176f57,Neg_Final,19,Sender
157010514e44cfed94c59f2ac3176f57,Pos_Initial,16,Sender
157010514e44cfed94c59f2ac3176f57,Pos_Final,9,Sender
157010514e44cfed94c59f2ac3176f57,Neg_Initial,6,Sender
157010514e44cfed94c59f2ac3176f57,Neg_Final,3,Sender
157010514e44cfed94c59f2ac3176f57,Pos_Initial,8,Sender
157010514e44cfed94c59f2ac3176f57,Pos_Final,5,Sender
157010514e44cfed94c59f2ac3176f57,Neg_Initial,18,Sender
157010514e44cfed94c59f2ac3176f57,Neg_Final,15,Sender
157010514e44cfed94c59f2ac3176f57,Pos_Initial,4,Sender
157010514e44cfed94c59f2ac3176f57,Pos_Final,17,Sender
157010514e44cfed94c59f2ac3176f57,Neg_Initial,10,Sender
157010514e44cfed94c59f2ac3176f57,Neg_Final,7,Sender
157010514e44cfed94c59f2ac3176f57,Pos_Initial,20,Subject
157010514e44cfed94c59f2ac3176f57,Pos_Final,13,Subject
157010514e44cfed94c59f2ac3176f57,Neg_Initial,14,Sender
157010514e44cfed94c59f2ac3176f57,Neg_Final,11,Sender
157010514e44cfed94c59f2ac3176f57,Pos_Initial,12,Sender
157010514e44cfed94c59f2ac3176f57,Pos_Final,1,Sender
157010514e44cfed94c59f2ac3176f57,Neg_Initial,2,Sender
157010514e44cfed94c59f2ac3176f57,Neg_Final,19,Sender
157010514e44cfed94c59f2ac3176f57,Pos_Initial,16,Sender
157010514e44cfed94c59f2ac3176f57,Pos_Final,9,Sender
157010514e44cfed94c59f2ac3176f57,Neg_Initial,6,Sender
157010514e44cfed94c59f2ac3176f57,Neg_Final,3,Sender
157010514e44cfed94c59f2ac3176f57,Pos_Initial,8,Sender
157010514e44cfed94c59f2ac3176f57,Pos_Final,5,Sender
157010514e44cfed94c59f2ac3176f57,Neg_Initial,18,Sender
157010514e44cfed94c59f2ac3176f57,Neg_Final,15,Sender
157010514e44cfed94c59f2ac3176f57,Pos_Initial,4,Sender
157010514e44cfed94c59f2ac3176f57,Pos_Final,17,Sender
157010514e44cfed94c59f2ac3176f57,Neg_Initial,10,Sender
157010514e44cfed94c59f2ac3176f57,Neg_Final,7,Sender
157010514e44cfed94c59f2ac3176f57,Pos_Initial,20,Subject
da7d08240f3bbbb51fb729b80da52140,Pos_Final,19,Subject
da7d08240f3bbbb51fb729b80da52140,Pos_Initial,2,Subject
da7d08240f3bbbb51fb729b80da52140,Neg_Final,9,Subject
da7d08240f3bbbb51fb729b80da52140,Neg_Initial,4,Subject
da7d08240f3bbbb51fb729b80da52140,Pos_Final,7,Subject
da7d08240f3bbbb51fb729b80da52140,Pos_Initial,18,Subject
da7d08240f3bbbb51fb729b80da52140,Neg_Final,1,Subject
da7d08240f3bbbb51fb729b80da52140,Neg_Initial,16,Subject
da7d08240f3bbbb51fb729b80da52140,Pos_Final,15,Subject
da7d08240f3bbbb51fb729b80da52140,Pos_Initial,10,Subject
da7d08240f3bbbb51fb729b80da52140,Neg_Final,13,Subject
da7d08240f3bbbb51fb729b80da52140,Neg_Initial,8,Subject
da7d08240f3bbbb51fb729b80da52140,Pos_Final,3,Subject
da7d08240f3bbbb51fb729b80da52140,Pos_Initial,6,Subject
da7d08240f3bbbb51fb729b80da52140,Neg_Final,17,Subject
da7d08240f3bbbb51fb729b80da52140,Neg_Initial,20,Subject
da7d08240f3bbbb51fb729b80da52140,Pos_Final,11,Subject
da7d08240f3bbbb51fb729b80da52140,Pos_Initial,14,Subject
da7d08240f3bbbb51fb729b80da52140,Neg_Final,5,Object
da7d08240f3bbbb51fb729b80da52140,Neg_Initial,12,Subject
beae995198cb6431f8b7ba843d17e24f,Pos_Final,10,Sender
beae995198cb6431f8b7ba843d17e24f,Neg_Initial,7,Sender
beae995198cb6431f8b7ba843d17e24f,Neg_Final,4,Sender
beae995198cb6431f8b7ba843d17e24f,Pos_Initial,13,Sender
beae995198cb6431f8b7ba843d17e24f,Pos_Final,14,Sender
beae995198cb6431f8b7ba843d17e24f,Neg_Initial,19,Sender
beae995198cb6431f8b7ba843d17e24f,Neg_Final,20,Sender
beae995198cb6431f8b7ba843d17e24f,Pos_Initial,1,Sender
beae995198cb6431f8b7ba843d17e24f,Pos_Final,2,Sender
beae995198cb6431f8b7ba843d17e24f,Neg_Initial,15,Sender
beae995198cb6431f8b7ba843d17e24f,Neg_Final,8,Sender
beae995198cb6431f8b7ba843d17e24f,Pos_Initial,5,Sender
beae995198cb6431f8b7ba843d17e24f,Pos_Final,18,Sender
beae995198cb6431f8b7ba843d17e24f,Neg_Initial,11,Sender
beae995198cb6431f8b7ba843d17e24f,Neg_Final,12,Sender
beae995198cb6431f8b7ba843d17e24f,Pos_Initial,9,Sender
beae995198cb6431f8b7ba843d17e24f,Pos_Final,6,Sender
beae995198cb6431f8b7ba843d17e24f,Neg_Initial,3,Sender
beae995198cb6431f8b7ba843d17e24f,Neg_Final,16,Sender
beae995198cb6431f8b7ba843d17e24f,Pos_Initial,17,Sender
beae995198cb6431f8b7ba843d17e24f,Pos_Final,10,Sender
beae995198cb6431f8b7ba843d17e24f,Neg_Initial,7,Sender
beae995198cb6431f8b7ba843d17e24f,Neg_Final,4,Sender
beae995198cb6431f8b7ba843d17e24f,Pos_Initial,13,Sender
beae995198cb6431f8b7ba843d17e24f,Pos_Final,14,Sender
beae995198cb6431f8b7ba843d17e24f,Neg_Initial,19,Sender
beae995198cb6431f8b7ba843d17e24f,Neg_Final,20,Sender
beae995198cb6431f8b7ba843d17e24f,Pos_Initial,1,Sender
beae995198cb6431f8b7ba843d17e24f,Pos_Final,2,Sender
beae995198cb6431f8b7ba843d17e24f,Neg_Initial,15,Sender
beae995198cb6431f8b7ba843d17e24f,Neg_Final,8,Sender
beae995198cb6431f8b7ba843d17e24f,Pos_Initial,5,Sender
beae995198cb6431f8b7ba843d17e24f,Pos_Final,18,Sender
beae995198cb6431f8b7ba843d17e24f,Neg_Initial,11,Sender
beae995198cb6431f8b7ba843d17e24f,Neg_Final,12,Sender
beae995198cb6431f8b7ba843d17e24f,Pos_Initial,9,Sender
beae995198cb6431f8b7ba843d17e24f,Pos_Final,6,Sender
beae995198cb6431f8b7ba843d17e24f,Neg_Initial,3,Sender
beae995198cb6431f8b7ba843d17e24f,Neg_Final,16,Sender
beae995198cb6431f8b7ba843d17e24f,Pos_Initial,17,Sender
cfcf21d744fedcbcf8b4045cc7ea1a42,Neg_Initial,15,Object
cfcf21d744fedcbcf8b4045cc7ea1a42,Neg_Final,8,Sender
cfcf21d744fedcbcf8b4045cc7ea1a42,Pos_Final,10,Sender
cfcf21d744fedcbcf8b4045cc7ea1a42,Pos_Initial,1,Sender
cfcf21d744fedcbcf8b4045cc7ea1a42,Neg_Initial,7,Sender
cfcf21d744fedcbcf8b4045cc7ea1a42,Neg_Final,12,Sender
cfcf21d744fedcbcf8b4045cc7ea1a42,Pos_Final,14,Sender
cfcf21d744fedcbcf8b4045cc7ea1a42,Pos_Initial,5,Sender
cfcf21d744fedcbcf8b4045cc7ea1a42,Neg_Initial,3,Sender
cfcf21d744fedcbcf8b4045cc7ea1a42,Neg_Final,16,Sender
cfcf21d744fedcbcf8b4045cc7ea1a42,Pos_Final,18,Sender
cfcf21d744fedcbcf8b4045cc7ea1a42,Pos_Initial,13,Sender
cfcf21d744fedcbcf8b4045cc7ea1a42,Neg_Initial,11,Sender
cfcf21d744fedcbcf8b4045cc7ea1a42,Neg_Final,4,Subject
cfcf21d744fedcbcf8b4045cc7ea1a42,Pos_Final,6,Sender
cfcf21d744fedcbcf8b4045cc7ea1a42,Pos_Initial,9,Sender
cfcf21d744fedcbcf8b4045cc7ea1a42,Neg_Initial,19,Sender
cfcf21d744fedcbcf8b4045cc7ea1a42,Neg_Final,20,Sender
cfcf21d744fedcbcf8b4045cc7ea1a42,Pos_Final,2,Sender
cfcf21d744fedcbcf8b4045cc7ea1a42,Pos_Initial,17,Sender
cfcf21d744fedcbcf8b4045cc7ea1a42,Neg_Initial,15,Object
cfcf21d744fedcbcf8b4045cc7ea1a42,Neg_Final,8,Sender
cfcf21d744fedcbcf8b4045cc7ea1a42,Pos_Final,10,Sender
cfcf21d744fedcbcf8b4045cc7ea1a42,Pos_Initial,1,Sender
cfcf21d744fedcbcf8b4045cc7ea1a42,Neg_Initial,7,Sender
cfcf21d744fedcbcf8b4045cc7ea1a42,Neg_Final,12,Sender
cfcf21d744fedcbcf8b4045cc7ea1a42,Pos_Final,14,Sender
cfcf21d744fedcbcf8b4045cc7ea1a42,Pos_Initial,5,Sender
cfcf21d744fedcbcf8b4045cc7ea1a42,Neg_Initial,3,Sender
cfcf21d744fedcbcf8b4045cc7ea1a42,Neg_Final,16,Sender
cfcf21d744fedcbcf8b4045cc7ea1a42,Pos_Final,18,Sender
cfcf21d744fedcbcf8b4045cc7ea1a42,Pos_Initial,13,Sender
cfcf21d744fedcbcf8b4045cc7ea1a42,Neg_Initial,11,Sender
cfcf21d744fedcbcf8b4045cc7ea1a42,Neg_Final,4,Subject
cfcf21d744fedcbcf8b4045cc7ea1a42,Pos_Final,6,Sender
cfcf21d744fedcbcf8b4045cc7ea1a42,Pos_Initial,9,Sender
cfcf21d744fedcbcf8b4045cc7ea1a42,Neg_Initial,19,Sender
cfcf21d744fedcbcf8b4045cc7ea1a42,Neg_Final,20,Sender
cfcf21d744fedcbcf8b4045cc7ea1a42,Pos_Final,2,Sender
cfcf21d744fedcbcf8b4045cc7ea1a42,Pos_Initial,17,Sender
710a0a26cd5574d475f82b9881a93341,Neg_Final,16,Subject
710a0a26cd5574d475f82b9881a93341,Neg_Initial,7,Subject
710a0a26cd5574d475f82b9881a93341,Pos_Final,18,Object
710a0a26cd5574d475f82b9881a93341,Pos_Initial,13,Subject
710a0a26cd5574d475f82b9881a93341,Neg_Final,20,Subject
710a0a26cd5574d475f82b9881a93341,Neg_Initial,15,Sender
710a0a26cd5574d475f82b9881a93341,Pos_Final,6,Subject
710a0a26cd5574d475f82b9881a93341,Pos_Initial,1,Subject
710a0a26cd5574d475f82b9881a93341,Neg_Final,12,Object
710a0a26cd5574d475f82b9881a93341,Neg_Initial,3,Object
710a0a26cd5574d475f82b9881a93341,Pos_Final,2,Object
710a0a26cd5574d475f82b9881a93341,Pos_Initial,5,Subject
710a0a26cd5574d475f82b9881a93341,Neg_Final,4,Object
710a0a26cd5574d475f82b9881a93341,Neg_Initial,19,Object
710a0a26cd5574d475f82b9881a93341,Pos_Final,14,Object
710a0a26cd5574d475f82b9881a93341,Pos_Initial,17,Subject
710a0a26cd5574d475f82b9881a93341,Neg_Final,8,Object
710a0a26cd5574d475f82b9881a93341,Neg_Initial,11,Subject
710a0a26cd5574d475f82b9881a93341,Pos_Final,10,Object
710a0a26cd5574d475f82b9881a93341,Pos_Initial,9,Subject
710a0a26cd5574d475f82b9881a93341,Neg_Final,16,Subject
710a0a26cd5574d475f82b9881a93341,Neg_Initial,7,Subject
710a0a26cd5574d475f82b9881a93341,Pos_Final,18,Object
710a0a26cd5574d475f82b9881a93341,Pos_Initial,13,Subject
710a0a26cd5574d475f82b9881a93341,Neg_Final,20,Subject
710a0a26cd5574d475f82b9881a93341,Neg_Initial,15,Sender
710a0a26cd5574d475f82b9881a93341,Pos_Final,6,Subject
710a0a26cd5574d475f82b9881a93341,Pos_Initial,1,Subject
710a0a26cd5574d475f82b9881a93341,Neg_Final,12,Object
710a0a26cd5574d475f82b9881a93341,Neg_Initial,3,Object
710a0a26cd5574d475f82b9881a93341,Pos_Final,2,Object
710a0a26cd5574d475f82b9881a93341,Pos_Initial,5,Subject
710a0a26cd5574d475f82b9881a93341,Neg_Final,4,Object
710a0a26cd5574d475f82b9881a93341,Neg_Initial,19,Object
710a0a26cd5574d475f82b9881a93341,Pos_Final,14,Object
710a0a26cd5574d475f82b9881a93341,Pos_Initial,17,Subject
710a0a26cd5574d475f82b9881a93341,Neg_Final,8,Object
710a0a26cd5574d475f82b9881a93341,Neg_Initial,11,Subject
710a0a26cd5574d475f82b9881a93341,Pos_Final,10,Object
710a0a26cd5574d475f82b9881a93341,Pos_Initial,9,Subject
2865f6dea92f6b77f827c430c1bb493a,Neg_Final,14,Sender
2865f6dea92f6b77f827c430c1bb493a,Neg_Initial,1,Sender
2865f6dea92f6b77f827c430c1bb493a,Pos_Final,20,Sender
2865f6dea92f6b77f827c430c1bb493a,Pos_Initial,11,Sender
2865f6dea92f6b77f827c430c1bb493a,Neg_Final,18,Sender
2865f6dea92f6b77f827c430c1bb493a,Neg_Initial,17,Sender
2865f6dea92f6b77f827c430c1bb493a,Pos_Final,4,Sender
2865f6dea92f6b77f827c430c1bb493a,Pos_Initial,3,Sender
2865f6dea92f6b77f827c430c1bb493a,Neg_Final,10,Sender
2865f6dea92f6b77f827c430c1bb493a,Neg_Initial,9,Sender
2865f6dea92f6b77f827c430c1bb493a,Pos_Final,16,Sender
2865f6dea92f6b77f827c430c1bb493a,Pos_Initial,15,Sender
2865f6dea92f6b77f827c430c1bb493a,Neg_Final,2,Sender
2865f6dea92f6b77f827c430c1bb493a,Neg_Initial,5,Sender
2865f6dea92f6b77f827c430c1bb493a,Pos_Final,8,Sender
2865f6dea92f6b77f827c430c1bb493a,Pos_Initial,19,Sender
2865f6dea92f6b77f827c430c1bb493a,Neg_Final,6,Sender
2865f6dea92f6b77f827c430c1bb493a,Neg_Initial,13,Sender
2865f6dea92f6b77f827c430c1bb493a,Pos_Final,12,Sender
2865f6dea92f6b77f827c430c1bb493a,Pos_Initial,7,Sender
2865f6dea92f6b77f827c430c1bb493a,Neg_Final,14,Sender
2865f6dea92f6b77f827c430c1bb493a,Neg_Initial,1,Sender
2865f6dea92f6b77f827c430c1bb493a,Pos_Final,20,Sender
2865f6dea92f6b77f827c430c1bb493a,Pos_Initial,11,Sender
2865f6dea92f6b77f827c430c1bb493a,Neg_Final,18,Sender
2865f6dea92f6b77f827c430c1bb493a,Neg_Initial,17,Sender
2865f6dea92f6b77f827c430c1bb493a,Pos_Final,4,Sender
2865f6dea92f6b77f827c430c1bb493a,Pos_Initial,3,Sender
2865f6dea92f6b77f827c430c1bb493a,Neg_Final,10,Sender
2865f6dea92f6b77f827c430c1bb493a,Neg_Initial,9,Sender
2865f6dea92f6b77f827c430c1bb493a,Pos_Final,16,Sender
2865f6dea92f6b77f827c430c1bb493a,Pos_Initial,15,Sender
2865f6dea92f6b77f827c430c1bb493a,Neg_Final,2,Sender
2865f6dea92f6b77f827c430c1bb493a,Neg_Initial,5,Sender
2865f6dea92f6b77f827c430c1bb493a,Pos_Final,8,Sender
2865f6dea92f6b77f827c430c1bb493a,Pos_Initial,19,Sender
2865f6dea92f6b77f827c430c1bb493a,Neg_Final,6,Sender
2865f6dea92f6b77f827c430c1bb493a,Neg_Initial,13,Sender
2865f6dea92f6b77f827c430c1bb493a,Pos_Final,12,Sender
2865f6dea92f6b77f827c430c1bb493a,Pos_Initial,7,Sender
f5909faf516fcb7017de24696d756e82,Neg_Initial,7,Sender
f5909faf516fcb7017de24696d756e82,Pos_Initial,13,Sender
f5909faf516fcb7017de24696d756e82,Neg_Final,12,Sender
f5909faf516fcb7017de24696d756e82,Pos_Final,10,Sender
f5909faf516fcb7017de24696d756e82,Neg_Initial,3,Sender
f5909faf516fcb7017de24696d756e82,Pos_Initial,9,Sender
f5909faf516fcb7017de24696d756e82,Neg_Final,16,Sender
f5909faf516fcb7017de24696d756e82,Pos_Final,2,Sender
f5909faf516fcb7017de24696d756e82,Neg_Initial,19,Sender
f5909faf516fcb7017de24696d756e82,Pos_Initial,1,Sender
f5909faf516fcb7017de24696d756e82,Neg_Final,8,Sender
f5909faf516fcb7017de24696d756e82,Pos_Final,18,Sender
f5909faf516fcb7017de24696d756e82,Neg_Initial,15,Sender
f5909faf516fcb7017de24696d756e82,Pos_Initial,5,Sender
f5909faf516fcb7017de24696d756e82,Neg_Final,4,Sender
f5909faf516fcb7017de24696d756e82,Pos_Final,14,Sender
f5909faf516fcb7017de24696d756e82,Neg_Initial,11,Sender
f5909faf516fcb7017de24696d756e82,Pos_Initial,17,Sender
f5909faf516fcb7017de24696d756e82,Neg_Final,20,Sender
f5909faf516fcb7017de24696d756e82,Pos_Final,6,Sender
f5909faf516fcb7017de24696d756e82,Neg_Initial,7,Sender
f5909faf516fcb7017de24696d756e82,Pos_Initial,13,Sender
f5909faf516fcb7017de24696d756e82,Neg_Final,12,Sender
f5909faf516fcb7017de24696d756e82,Pos_Final,10,Sender
f5909faf516fcb7017de24696d756e82,Neg_Initial,3,Sender
f5909faf516fcb7017de24696d756e82,Pos_Initial,9,Sender
f5909faf516fcb7017de24696d756e82,Neg_Final,16,Sender
f5909faf516fcb7017de24696d756e82,Pos_Final,2,Sender
f5909faf516fcb7017de24696d756e82,Neg_Initial,19,Sender
f5909faf516fcb7017de24696d756e82,Pos_Initial,1,Sender
f5909faf516fcb7017de24696d756e82,Neg_Final,8,Sender
f5909faf516fcb7017de24696d756e82,Pos_Final,18,Sender
f5909faf516fcb7017de24696d756e82,Neg_Initial,15,Sender
f5909faf516fcb7017de24696d756e82,Pos_Initial,5,Sender
f5909faf516fcb7017de24696d756e82,Neg_Final,4,Sender
f5909faf516fcb7017de24696d756e82,Pos_Final,14,Sender
f5909faf516fcb7017de24696d756e82,Neg_Initial,11,Sender
f5909faf516fcb7017de24696d756e82,Pos_Initial,17,Sender
f5909faf516fcb7017de24696d756e82,Neg_Final,20,Sender
f5909faf516fcb7017de24696d756e82,Pos_Final,6,Sender
da7d08240f3bbbb51fb729b80da52140,Pos_Final,4,Subject
da7d08240f3bbbb51fb729b80da52140,Neg_Initial,13,Subject
da7d08240f3bbbb51fb729b80da52140,Pos_Initial,15,Subject
da7d08240f3bbbb51fb729b80da52140,Neg_Final,14,Subject
da7d08240f3bbbb51fb729b80da52140,Pos_Final,16,Subject
da7d08240f3bbbb51fb729b80da52140,Neg_Initial,9,Object
da7d08240f3bbbb51fb729b80da52140,Pos_Initial,11,Subject
da7d08240f3bbbb51fb729b80da52140,Neg_Final,6,Sender
da7d08240f3bbbb51fb729b80da52140,Pos_Final,20,Sender
da7d08240f3bbbb51fb729b80da52140,Neg_Initial,1,Sender
da7d08240f3bbbb51fb729b80da52140,Pos_Initial,3,Subject
da7d08240f3bbbb51fb729b80da52140,Neg_Final,18,Object
da7d08240f3bbbb51fb729b80da52140,Pos_Final,12,Subject
da7d08240f3bbbb51fb729b80da52140,Neg_Initial,17,Sender
da7d08240f3bbbb51fb729b80da52140,Pos_Initial,7,Sender
da7d08240f3bbbb51fb729b80da52140,Neg_Final,2,Sender
da7d08240f3bbbb51fb729b80da52140,Pos_Final,8,Sender
da7d08240f3bbbb51fb729b80da52140,Neg_Initial,5,Sender
da7d08240f3bbbb51fb729b80da52140,Pos_Initial,19,Object
da7d08240f3bbbb51fb729b80da52140,Neg_Final,10,Sender
da7d08240f3bbbb51fb729b80da52140,Pos_Final,4,Subject
da7d08240f3bbbb51fb729b80da52140,Neg_Initial,13,Subject
da7d08240f3bbbb51fb729b80da52140,Pos_Initial,15,Subject
da7d08240f3bbbb51fb729b80da52140,Neg_Final,14,Subject
da7d08240f3bbbb51fb729b80da52140,Pos_Final,16,Subject
da7d08240f3bbbb51fb729b80da52140,Neg_Initial,9,Object
da7d08240f3bbbb51fb729b80da52140,Pos_Initial,11,Subject
da7d08240f3bbbb51fb729b80da52140,Neg_Final,6,Sender
da7d08240f3bbbb51fb729b80da52140,Pos_Final,20,Sender
da7d08240f3bbbb51fb729b80da52140,Neg_Initial,1,Sender
da7d08240f3bbbb51fb729b80da52140,Pos_Initial,3,Subject
da7d08240f3bbbb51fb729b80da52140,Neg_Final,18,Object
da7d08240f3bbbb51fb729b80da52140,Pos_Final,12,Subject
da7d08240f3bbbb51fb729b80da52140,Neg_Initial,17,Sender
da7d08240f3bbbb51fb729b80da52140,Pos_Initial,7,Sender
da7d08240f3bbbb51fb729b80da52140,Neg_Final,2,Sender
da7d08240f3bbbb51fb729b80da52140,Pos_Final,8,Sender
da7d08240f3bbbb51fb729b80da52140,Neg_Initial,5,Sender
da7d08240f3bbbb51fb729b80da52140,Pos_Initial,19,Object
da7d08240f3bbbb51fb729b80da52140,Neg_Final,10,Sender
52b9f6754d9ecd9df67c23bf10d55fb7,Neg_Initial,3,Sender
52b9f6754d9ecd9df67c23bf10d55fb7,Pos_Initial,13,Sender
52b9f6754d9ecd9df67c23bf10d55fb7,Pos_Final,6,Subject
52b9f6754d9ecd9df67c23bf10d55fb7,Neg_Final,4,Sender
52b9f6754d9ecd9df67c23bf10d55fb7,Neg_Initial,11,Sender
52b9f6754d9ecd9df67c23bf10d55fb7,Pos_Initial,9,Sender
52b9f6754d9ecd9df67c23bf10d55fb7,Pos_Final,2,Sender
52b9f6754d9ecd9df67c23bf10d55fb7,Neg_Final,20,Sender
52b9f6754d9ecd9df67c23bf10d55fb7,Neg_Initial,15,Sender
52b9f6754d9ecd9df67c23bf10d55fb7,Pos_Initial,17,Sender
52b9f6754d9ecd9df67c23bf10d55fb7,Pos_Final,10,Sender
52b9f6754d9ecd9df67c23bf10d55fb7,Neg_Final,12,Sender
52b9f6754d9ecd9df67c23bf10d55fb7,Neg_Initial,7,Sender
52b9f6754d9ecd9df67c23bf10d55fb7,Pos_Initial,5,Sender
52b9f6754d9ecd9df67c23bf10d55fb7,Pos_Final,14,Sender
52b9f6754d9ecd9df67c23bf10d55fb7,Neg_Final,8,Sender
52b9f6754d9ecd9df67c23bf10d55fb7,Neg_Initial,19,Sender
52b9f6754d9ecd9df67c23bf10d55fb7,Pos_Initial,1,Sender
52b9f6754d9ecd9df67c23bf10d55fb7,Pos_Final,18,Subject
52b9f6754d9ecd9df67c23bf10d55fb7,Neg_Final,16,Sender
52b9f6754d9ecd9df67c23bf10d55fb7,Neg_Initial,3,Sender
52b9f6754d9ecd9df67c23bf10d55fb7,Pos_Initial,13,Sender
52b9f6754d9ecd9df67c23bf10d55fb7,Pos_Final,6,Subject
52b9f6754d9ecd9df67c23bf10d55fb7,Neg_Final,4,Sender
52b9f6754d9ecd9df67c23bf10d55fb7,Neg_Initial,11,Sender
52b9f6754d9ecd9df67c23bf10d55fb7,Pos_Initial,9,Sender
52b9f6754d9ecd9df67c23bf10d55fb7,Pos_Final,2,Sender
52b9f6754d9ecd9df67c23bf10d55fb7,Neg_Final,20,Sender
52b9f6754d9ecd9df67c23bf10d55fb7,Neg_Initial,15,Sender
52b9f6754d9ecd9df67c23bf10d55fb7,Pos_Initial,17,Sender
52b9f6754d9ecd9df67c23bf10d55fb7,Pos_Final,10,Sender
52b9f6754d9ecd9df67c23bf10d55fb7,Neg_Final,12,Sender
52b9f6754d9ecd9df67c23bf10d55fb7,Neg_Initial,7,Sender
52b9f6754d9ecd9df67c23bf10d55fb7,Pos_Initial,5,Sender
52b9f6754d9ecd9df67c23bf10d55fb7,Pos_Final,14,Sender
52b9f6754d9ecd9df67c23bf10d55fb7,Neg_Final,8,Sender
52b9f6754d9ecd9df67c23bf10d55fb7,Neg_Initial,19,Sender
52b9f6754d9ecd9df67c23bf10d55fb7,Pos_Initial,1,Sender
52b9f6754d9ecd9df67c23bf10d55fb7,Pos_Final,18,Subject
52b9f6754d9ecd9df67c23bf10d55fb7,Neg_Final,16,Sender
97815aeb9c53f7aebfc35de676c0e021,Neg_Final,2,Sender
97815aeb9c53f7aebfc35de676c0e021,Neg_Initial,9,Object
97815aeb9c53f7aebfc35de676c0e021,Pos_Initial,7,Sender
97815aeb9c53f7aebfc35de676c0e021,Pos_Final,20,Sender
97815aeb9c53f7aebfc35de676c0e021,Neg_Final,18,Sender
97815aeb9c53f7aebfc35de676c0e021,Neg_Initial,5,Sender
97815aeb9c53f7aebfc35de676c0e021,Pos_Initial,19,Sender
97815aeb9c53f7aebfc35de676c0e021,Pos_Final,8,Sender
97815aeb9c53f7aebfc35de676c0e021,Neg_Final,14,Sender
97815aeb9c53f7aebfc35de676c0e021,Neg_Initial,13,Sender
97815aeb9c53f7aebfc35de676c0e021,Pos_Initial,11,Sender
97815aeb9c53f7aebfc35de676c0e021,Pos_Final,16,Sender
97815aeb9c53f7aebfc35de676c0e021,Neg_Final,10,Object
97815aeb9c53f7aebfc35de676c0e021,Neg_Initial,17,Subject
97815aeb9c53f7aebfc35de676c0e021,Pos_Initial,15,Sender
97815aeb9c53f7aebfc35de676c0e021,Pos_Final,12,Sender
97815aeb9c53f7aebfc35de676c0e021,Neg_Final,6,Sender
97815aeb9c53f7aebfc35de676c0e021,Neg_Initial,1,Sender
97815aeb9c53f7aebfc35de676c0e021,Pos_Initial,3,Sender
97815aeb9c53f7aebfc35de676c0e021,Pos_Final,4,Subject
97815aeb9c53f7aebfc35de676c0e021,Neg_Final,2,Sender
97815aeb9c53f7aebfc35de676c0e021,Neg_Initial,9,Object
97815aeb9c53f7aebfc35de676c0e021,Pos_Initial,7,Sender
97815aeb9c53f7aebfc35de676c0e021,Pos_Final,20,Sender
97815aeb9c53f7aebfc35de676c0e021,Neg_Final,18,Sender
97815aeb9c53f7aebfc35de676c0e021,Neg_Initial,5,Sender
97815aeb9c53f7aebfc35de676c0e021,Pos_Initial,19,Sender
97815aeb9c53f7aebfc35de676c0e021,Pos_Final,8,Sender
97815aeb9c53f7aebfc35de676c0e021,Neg_Final,14,Sender
97815aeb9c53f7aebfc35de676c0e021,Neg_Initial,13,Sender
97815aeb9c53f7aebfc35de676c0e021,Pos_Initial,11,Sender
97815aeb9c53f7aebfc35de676c0e021,Pos_Final,16,Sender
97815aeb9c53f7aebfc35de676c0e021,Neg_Final,10,Object
97815aeb9c53f7aebfc35de676c0e021,Neg_Initial,17,Subject
97815aeb9c53f7aebfc35de676c0e021,Pos_Initial,15,Sender
97815aeb9c53f7aebfc35de676c0e021,Pos_Final,12,Sender
97815aeb9c53f7aebfc35de676c0e021,Neg_Final,6,Sender
97815aeb9c53f7aebfc35de676c0e021,Neg_Initial,1,Sender
97815aeb9c53f7aebfc35de676c0e021,Pos_Initial,3,Sender
97815aeb9c53f7aebfc35de676c0e021,Pos_Final,4,Subject
f53044e889f61f0306a71be5131b6dc9,Neg_Initial,11,Sender
f53044e889f61f0306a71be5131b6dc9,Neg_Final,20,Sender
f53044e889f61f0306a71be5131b6dc9,Pos_Initial,17,Sender
f53044e889f61f0306a71be5131b6dc9,Pos_Final,6,Sender
f53044e889f61f0306a71be5131b6dc9,Neg_Initial,7,Sender
f53044e889f61f0306a71be5131b6dc9,Neg_Final,12,Sender
f53044e889f61f0306a71be5131b6dc9,Pos_Initial,9,Sender
f53044e889f61f0306a71be5131b6dc9,Pos_Final,14,Sender
f53044e889f61f0306a71be5131b6dc9,Neg_Initial,19,Sender
f53044e889f61f0306a71be5131b6dc9,Neg_Final,4,Sender
f53044e889f61f0306a71be5131b6dc9,Pos_Initial,1,Subject
f53044e889f61f0306a71be5131b6dc9,Pos_Final,2,Subject
f53044e889f61f0306a71be5131b6dc9,Neg_Initial,3,Sender
f53044e889f61f0306a71be5131b6dc9,Neg_Final,16,Subject
f53044e889f61f0306a71be5131b6dc9,Pos_Initial,5,Sender
f53044e889f61f0306a71be5131b6dc9,Pos_Final,10,Sender
f53044e889f61f0306a71be5131b6dc9,Neg_Initial,15,Sender
f53044e889f61f0306a71be5131b6dc9,Neg_Final,8,Subject
f53044e889f61f0306a71be5131b6dc9,Pos_Initial,13,Sender
f53044e889f61f0306a71be5131b6dc9,Pos_Final,18,Sender
f53044e889f61f0306a71be5131b6dc9,Neg_Initial,11,Sender
f53044e889f61f0306a71be5131b6dc9,Neg_Final,20,Sender
f53044e889f61f0306a71be5131b6dc9,Pos_Initial,17,Sender
f53044e889f61f0306a71be5131b6dc9,Pos_Final,6,Sender
f53044e889f61f0306a71be5131b6dc9,Neg_Initial,7,Sender
f53044e889f61f0306a71be5131b6dc9,Neg_Final,12,Sender
f53044e889f61f0306a71be5131b6dc9,Pos_Initial,9,Sender
f53044e889f61f0306a71be5131b6dc9,Pos_Final,14,Sender
f53044e889f61f0306a71be5131b6dc9,Neg_Initial,19,Sender
f53044e889f61f0306a71be5131b6dc9,Neg_Final,4,Sender
f53044e889f61f0306a71be5131b6dc9,Pos_Initial,1,Subject
f53044e889f61f0306a71be5131b6dc9,Pos_Final,2,Subject
f53044e889f61f0306a71be5131b6dc9,Neg_Initial,3,Sender
f53044e889f61f0306a71be5131b6dc9,Neg_Final,16,Subject
f53044e889f61f0306a71be5131b6dc9,Pos_Initial,5,Sender
f53044e889f61f0306a71be5131b6dc9,Pos_Final,10,Sender
f53044e889f61f0306a71be5131b6dc9,Neg_Initial,15,Sender
f53044e889f61f0306a71be5131b6dc9,Neg_Final,8,Subject
f53044e889f61f0306a71be5131b6dc9,Pos_Initial,13,Sender
f53044e889f61f0306a71be5131b6dc9,Pos_Final,18,Sender
157010514e44cfed94c59f2ac3176f57,Pos_Final,20,Subject
157010514e44cfed94c59f2ac3176f57,Neg_Final,10,Subject
157010514e44cfed94c59f2ac3176f57,Pos_Initial,19,Subject
157010514e44cfed94c59f2ac3176f57,Neg_Initial,1,Object
157010514e44cfed94c59f2ac3176f57,Pos_Final,12,Sender
157010514e44cfed94c59f2ac3176f57,Neg_Final,14,Subject
157010514e44cfed94c59f2ac3176f57,Pos_Initial,15,Sender
157010514e44cfed94c59f2ac3176f57,Neg_Initial,17,Sender
157010514e44cfed94c59f2ac3176f57,Pos_Final,16,Sender
157010514e44cfed94c59f2ac3176f57,Neg_Final,6,Sender
157010514e44cfed94c59f2ac3176f57,Pos_Initial,11,Sender
157010514e44cfed94c59f2ac3176f57,Neg_Initial,5,Sender
157010514e44cfed94c59f2ac3176f57,Pos_Final,8,Sender
157010514e44cfed94c59f2ac3176f57,Neg_Final,2,Sender
157010514e44cfed94c59f2ac3176f57,Pos_Initial,3,Sender
157010514e44cfed94c59f2ac3176f57,Neg_Initial,9,Sender
157010514e44cfed94c59f2ac3176f57,Pos_Final,4,Sender
157010514e44cfed94c59f2ac3176f57,Neg_Final,18,Sender
157010514e44cfed94c59f2ac3176f57,Pos_Initial,7,Sender
157010514e44cfed94c59f2ac3176f57,Neg_Initial,13,Sender
055048a48e3f248c8a55b2143e8ba481,Neg_Initial,12,Sender
055048a48e3f248c8a55b2143e8ba481,Pos_Final,11,Sender
055048a48e3f248c8a55b2143e8ba481,Neg_Final,13,Sender
055048a48e3f248c8a55b2143e8ba481,Pos_Initial,6,Object
055048a48e3f248c8a55b2143e8ba481,Neg_Initial,4,Sender
055048a48e3f248c8a55b2143e8ba481,Pos_Final,3,Sender
055048a48e3f248c8a55b2143e8ba481,Neg_Final,9,Sender
055048a48e3f248c8a55b2143e8ba481,Pos_Initial,10,Sender
055048a48e3f248c8a55b2143e8ba481,Neg_Initial,8,Sender
055048a48e3f248c8a55b2143e8ba481,Pos_Final,19,Sender
055048a48e3f248c8a55b2143e8ba481,Neg_Final,17,Sender
055048a48e3f248c8a55b2143e8ba481,Pos_Initial,18,Sender
055048a48e3f248c8a55b2143e8ba481,Neg_Initial,16,Sender
055048a48e3f248c8a55b2143e8ba481,Pos_Final,15,Sender
055048a48e3f248c8a55b2143e8ba481,Neg_Final,5,Sender
055048a48e3f248c8a55b2143e8ba481,Pos_Initial,2,Sender
055048a48e3f248c8a55b2143e8ba481,Neg_Initial,20,Sender
055048a48e3f248c8a55b2143e8ba481,Pos_Final,7,Sender
055048a48e3f248c8a55b2143e8ba481,Neg_Final,1,Subject
055048a48e3f248c8a55b2143e8ba481,Pos_Initial,14,Sender
055048a48e3f248c8a55b2143e8ba481,Neg_Initial,12,Sender
055048a48e3f248c8a55b2143e8ba481,Pos_Final,11,Sender
055048a48e3f248c8a55b2143e8ba481,Neg_Final,13,Sender
055048a48e3f248c8a55b2143e8ba481,Pos_Initial,6,Object
055048a48e3f248c8a55b2143e8ba481,Neg_Initial,4,Sender
055048a48e3f248c8a55b2143e8ba481,Pos_Final,3,Sender
055048a48e3f248c8a55b2143e8ba481,Neg_Final,9,Sender
055048a48e3f248c8a55b2143e8ba481,Pos_Initial,10,Sender
055048a48e3f248c8a55b2143e8ba481,Neg_Initial,8,Sender
055048a48e3f248c8a55b2143e8ba481,Pos_Final,19,Sender
055048a48e3f248c8a55b2143e8ba481,Neg_Final,17,Sender
055048a48e3f248c8a55b2143e8ba481,Pos_Initial,18,Sender
055048a48e3f248c8a55b2143e8ba481,Neg_Initial,16,Sender
055048a48e3f248c8a55b2143e8ba481,Pos_Final,15,Sender
055048a48e3f248c8a55b2143e8ba481,Neg_Final,5,Sender
055048a48e3f248c8a55b2143e8ba481,Pos_Initial,2,Sender
055048a48e3f248c8a55b2143e8ba481,Neg_Initial,20,Sender
055048a48e3f248c8a55b2143e8ba481,Pos_Final,7,Sender
055048a48e3f248c8a55b2143e8ba481,Neg_Final,1,Subject
055048a48e3f248c8a55b2143e8ba481,Pos_Initial,14,Sender
96fbf8e51dddb701d0e916bb7023d803,Neg_Initial,10,Subject
96fbf8e51dddb701d0e916bb7023d803,Pos_Final,17,Object
96fbf8e51dddb701d0e916bb7023d803,Pos_Initial,12,Sender
96fbf8e51dddb701d0e916bb7023d803,Neg_Final,19,Sender
96fbf8e51dddb701d0e916bb7023d803,Neg_Initial,2,Sender
96fbf8e51dddb701d0e916bb7023d803,Pos_Final,13,Sender
96fbf8e51dddb701d0e916bb7023d803,Pos_Initial,20,Sender
96fbf8e51dddb701d0e916bb7023d803,Neg_Final,3,Sender
96fbf8e51dddb701d0e916bb7023d803,Neg_Initial,18,Sender
96fbf8e51dddb701d0e916bb7023d803,Pos_Final,9,Object
96fbf8e51dddb701d0e916bb7023d803,Pos_Initial,8,Sender
96fbf8e51dddb701d0e916bb7023d803,Neg_Final,15,Sender
96fbf8e51dddb701d0e916bb7023d803,Neg_Initial,6,Sender
96fbf8e51dddb701d0e916bb7023d803,Pos_Final,1,Sender
96fbf8e51dddb701d0e916bb7023d803,Pos_Initial,4,Sender
96fbf8e51dddb701d0e916bb7023d803,Neg_Final,7,Sender
96fbf8e51dddb701d0e916bb7023d803,Neg_Initial,14,Sender
96fbf8e51dddb701d0e916bb7023d803,Pos_Final,5,Sender
96fbf8e51dddb701d0e916bb7023d803,Pos_Initial,16,Sender
96fbf8e51dddb701d0e916bb7023d803,Neg_Final,11,Sender
96fbf8e51dddb701d0e916bb7023d803,Neg_Initial,10,Subject
96fbf8e51dddb701d0e916bb7023d803,Pos_Final,17,Object
96fbf8e51dddb701d0e916bb7023d803,Pos_Initial,12,Sender
96fbf8e51dddb701d0e916bb7023d803,Neg_Final,19,Sender
96fbf8e51dddb701d0e916bb7023d803,Neg_Initial,2,Sender
96fbf8e51dddb701d0e916bb7023d803,Pos_Final,13,Sender
96fbf8e51dddb701d0e916bb7023d803,Pos_Initial,20,Sender
96fbf8e51dddb701d0e916bb7023d803,Neg_Final,3,Sender
96fbf8e51dddb701d0e916bb7023d803,Neg_Initial,18,Sender
96fbf8e51dddb701d0e916bb7023d803,Pos_Final,9,Object
96fbf8e51dddb701d0e916bb7023d803,Pos_Initial,8,Sender
96fbf8e51dddb701d0e916bb7023d803,Neg_Final,15,Sender
96fbf8e51dddb701d0e916bb7023d803,Neg_Initial,6,Sender
96fbf8e51dddb701d0e916bb7023d803,Pos_Final,1,Sender
96fbf8e51dddb701d0e916bb7023d803,Pos_Initial,4,Sender
96fbf8e51dddb701d0e916bb7023d803,Neg_Final,7,Sender
96fbf8e51dddb701d0e916bb7023d803,Neg_Initial,14,Sender
96fbf8e51dddb701d0e916bb7023d803,Pos_Final,5,Sender
96fbf8e51dddb701d0e916bb7023d803,Pos_Initial,16,Sender
96fbf8e51dddb701d0e916bb7023d803,Neg_Final,11,Sender
8cfaee7d23d06e8ccfcbc77946514d69,Neg_Initial,4,Subject
8cfaee7d23d06e8ccfcbc77946514d69,Neg_Final,5,Sender
8cfaee7d23d06e8ccfcbc77946514d69,Pos_Final,19,Sender
8cfaee7d23d06e8ccfcbc77946514d69,Pos_Initial,14,Subject
8cfaee7d23d06e8ccfcbc77946514d69,Neg_Initial,20,Subject
8cfaee7d23d06e8ccfcbc77946514d69,Neg_Final,1,Object
8cfaee7d23d06e8ccfcbc77946514d69,Pos_Final,3,Sender
8cfaee7d23d06e8ccfcbc77946514d69,Pos_Initial,2,Subject
8cfaee7d23d06e8ccfcbc77946514d69,Neg_Initial,16,Subject
8cfaee7d23d06e8ccfcbc77946514d69,Neg_Final,17,Subject
8cfaee7d23d06e8ccfcbc77946514d69,Pos_Final,15,Subject
8cfaee7d23d06e8ccfcbc77946514d69,Pos_Initial,18,Subject
8cfaee7d23d06e8ccfcbc77946514d69,Neg_Initial,8,Subject
8cfaee7d23d06e8ccfcbc77946514d69,Neg_Final,13,Subject
8cfaee7d23d06e8ccfcbc77946514d69,Pos_Final,11,Subject
8cfaee7d23d06e8ccfcbc77946514d69,Pos_Initial,10,Subject
8cfaee7d23d06e8ccfcbc77946514d69,Neg_Initial,12,Subject
8cfaee7d23d06e8ccfcbc77946514d69,Neg_Final,9,Object
8cfaee7d23d06e8ccfcbc77946514d69,Pos_Final,7,Subject
8cfaee7d23d06e8ccfcbc77946514d69,Pos_Initial,6,Subject
8cfaee7d23d06e8ccfcbc77946514d69,Neg_Initial,4,Subject
8cfaee7d23d06e8ccfcbc77946514d69,Neg_Final,5,Sender
8cfaee7d23d06e8ccfcbc77946514d69,Pos_Final,19,Sender
8cfaee7d23d06e8ccfcbc77946514d69,Pos_Initial,14,Subject
8cfaee7d23d06e8ccfcbc77946514d69,Neg_Initial,20,Subject
8cfaee7d23d06e8ccfcbc77946514d69,Neg_Final,1,Object
8cfaee7d23d06e8ccfcbc77946514d69,Pos_Final,3,Sender
8cfaee7d23d06e8ccfcbc77946514d69,Pos_Initial,2,Subject
8cfaee7d23d06e8ccfcbc77946514d69,Neg_Initial,16,Subject
8cfaee7d23d06e8ccfcbc77946514d69,Neg_Final,17,Subject
8cfaee7d23d06e8ccfcbc77946514d69,Pos_Final,15,Subject
8cfaee7d23d06e8ccfcbc77946514d69,Pos_Initial,18,Subject
8cfaee7d23d06e8ccfcbc77946514d69,Neg_Initial,8,Subject
8cfaee7d23d06e8ccfcbc77946514d69,Neg_Final,13,Subject
8cfaee7d23d06e8ccfcbc77946514d69,Pos_Final,11,Subject
8cfaee7d23d06e8ccfcbc77946514d69,Pos_Initial,10,Subject
8cfaee7d23d06e8ccfcbc77946514d69,Neg_Initial,12,Subject
8cfaee7d23d06e8ccfcbc77946514d69,Neg_Final,9,Object
8cfaee7d23d06e8ccfcbc77946514d69,Pos_Final,7,Subject
8cfaee7d23d06e8ccfcbc77946514d69,Pos_Initial,6,Subject
081d5ba091fdbed4e44546066a6157d1,Neg_Final,8,Sender
081d5ba091fdbed4e44546066a6157d1,Pos_Initial,5,Sender
081d5ba091fdbed4e44546066a6157d1,Pos_Final,10,Sender
081d5ba091fdbed4e44546066a6157d1,Neg_Initial,3,Sender
081d5ba091fdbed4e44546066a6157d1,Neg_Final,4,Sender
081d5ba091fdbed4e44546066a6157d1,Pos_Initial,13,Sender
081d5ba091fdbed4e44546066a6157d1,Pos_Final,14,Sender
081d5ba091fdbed4e44546066a6157d1,Neg_Initial,11,Sender
081d5ba091fdbed4e44546066a6157d1,Neg_Final,16,Sender
081d5ba091fdbed4e44546066a6157d1,Pos_Initial,9,Sender
081d5ba091fdbed4e44546066a6157d1,Pos_Final,6,Sender
081d5ba091fdbed4e44546066a6157d1,Neg_Initial,7,Sender
081d5ba091fdbed4e44546066a6157d1,Neg_Final,20,Sender
081d5ba091fdbed4e44546066a6157d1,Pos_Initial,1,Sender
081d5ba091fdbed4e44546066a6157d1,Pos_Final,2,Sender
081d5ba091fdbed4e44546066a6157d1,Neg_Initial,19,Sender
081d5ba091fdbed4e44546066a6157d1,Neg_Final,12,Sender
081d5ba091fdbed4e44546066a6157d1,Pos_Initial,17,Sender
081d5ba091fdbed4e44546066a6157d1,Pos_Final,18,Sender
081d5ba091fdbed4e44546066a6157d1,Neg_Initial,15,Sender
081d5ba091fdbed4e44546066a6157d1,Neg_Final,8,Sender
081d5ba091fdbed4e44546066a6157d1,Pos_Initial,5,Sender
081d5ba091fdbed4e44546066a6157d1,Pos_Final,10,Sender
081d5ba091fdbed4e44546066a6157d1,Neg_Initial,3,Sender
081d5ba091fdbed4e44546066a6157d1,Neg_Final,4,Sender
081d5ba091fdbed4e44546066a6157d1,Pos_Initial,13,Sender
081d5ba091fdbed4e44546066a6157d1,Pos_Final,14,Sender
081d5ba091fdbed4e44546066a6157d1,Neg_Initial,11,Sender
081d5ba091fdbed4e44546066a6157d1,Neg_Final,16,Sender
081d5ba091fdbed4e44546066a6157d1,Pos_Initial,9,Sender
081d5ba091fdbed4e44546066a6157d1,Pos_Final,6,Sender
081d5ba091fdbed4e44546066a6157d1,Neg_Initial,7,Sender
081d5ba091fdbed4e44546066a6157d1,Neg_Final,20,Sender
081d5ba091fdbed4e44546066a6157d1,Pos_Initial,1,Sender
081d5ba091fdbed4e44546066a6157d1,Pos_Final,2,Sender
081d5ba091fdbed4e44546066a6157d1,Neg_Initial,19,Sender
081d5ba091fdbed4e44546066a6157d1,Neg_Final,12,Sender
081d5ba091fdbed4e44546066a6157d1,Pos_Initial,17,Sender
081d5ba091fdbed4e44546066a6157d1,Pos_Final,18,Sender
081d5ba091fdbed4e44546066a6157d1,Neg_Initial,15,Sender
da7d08240f3bbbb51fb729b80da52140,Pos_Final,7,Object
da7d08240f3bbbb51fb729b80da52140,Pos_Initial,18,Object
da7d08240f3bbbb51fb729b80da52140,Neg_Initial,4,Subject
da7d08240f3bbbb51fb729b80da52140,Neg_Final,1,Subject
da7d08240f3bbbb51fb729b80da52140,Pos_Final,3,Subject
da7d08240f3bbbb51fb729b80da52140,Pos_Initial,10,Object
da7d08240f3bbbb51fb729b80da52140,Neg_Initial,12,Object
da7d08240f3bbbb51fb729b80da52140,Neg_Final,13,Sender
da7d08240f3bbbb51fb729b80da52140,Pos_Final,11,Subject
da7d08240f3bbbb51fb729b80da52140,Pos_Initial,14,Object
da7d08240f3bbbb51fb729b80da52140,Neg_Initial,8,Object
da7d08240f3bbbb51fb729b80da52140,Neg_Final,9,Object
da7d08240f3bbbb51fb729b80da52140,Pos_Final,19,Subject
da7d08240f3bbbb51fb729b80da52140,Pos_Initial,2,Object
da7d08240f3bbbb51fb729b80da52140,Neg_Initial,16,Sender
da7d08240f3bbbb51fb729b80da52140,Neg_Final,5,Sender
da7d08240f3bbbb51fb729b80da52140,Pos_Final,15,Subject
da7d08240f3bbbb51fb729b80da52140,Pos_Initial,6,Object
da7d08240f3bbbb51fb729b80da52140,Neg_Initial,20,Sender
da7d08240f3bbbb51fb729b80da52140,Neg_Final,17,Object
da7d08240f3bbbb51fb729b80da52140,Pos_Final,7,Object
da7d08240f3bbbb51fb729b80da52140,Pos_Initial,18,Object
da7d08240f3bbbb51fb729b80da52140,Neg_Initial,4,Subject
da7d08240f3bbbb51fb729b80da52140,Neg_Final,1,Subject
da7d08240f3bbbb51fb729b80da52140,Pos_Final,3,Subject
da7d08240f3bbbb51fb729b80da52140,Pos_Initial,10,Object
da7d08240f3bbbb51fb729b80da52140,Neg_Initial,12,Object
da7d08240f3bbbb51fb729b80da52140,Neg_Final,13,Sender
da7d08240f3bbbb51fb729b80da52140,Pos_Final,11,Subject
da7d08240f3bbbb51fb729b80da52140,Pos_Initial,14,Object
da7d08240f3bbbb51fb729b80da52140,Neg_Initial,8,Object
da7d08240f3bbbb51fb729b80da52140,Neg_Final,9,Object
da7d08240f3bbbb51fb729b80da52140,Pos_Final,19,Subject
da7d08240f3bbbb51fb729b80da52140,Pos_Initial,2,Object
da7d08240f3bbbb51fb729b80da52140,Neg_Initial,16,Sender
da7d08240f3bbbb51fb729b80da52140,Neg_Final,5,Sender
da7d08240f3bbbb51fb729b80da52140,Pos_Final,15,Subject
da7d08240f3bbbb51fb729b80da52140,Pos_Initial,6,Object
da7d08240f3bbbb51fb729b80da52140,Neg_Initial,20,Sender
da7d08240f3bbbb51fb729b80da52140,Neg_Final,17,Object
da7d08240f3bbbb51fb729b80da52140,Pos_Initial,8,Sender
da7d08240f3bbbb51fb729b80da52140,Neg_Initial,2,Subject
da7d08240f3bbbb51fb729b80da52140,Pos_Final,17,Subject
da7d08240f3bbbb51fb729b80da52140,Neg_Final,11,Object
da7d08240f3bbbb51fb729b80da52140,Pos_Initial,12,Subject
da7d08240f3bbbb51fb729b80da52140,Neg_Initial,18,Sender
da7d08240f3bbbb51fb729b80da52140,Pos_Final,5,Sender
da7d08240f3bbbb51fb729b80da52140,Neg_Final,7,Object
da7d08240f3bbbb51fb729b80da52140,Pos_Initial,20,Subject
da7d08240f3bbbb51fb729b80da52140,Neg_Initial,10,Object
da7d08240f3bbbb51fb729b80da52140,Pos_Final,9,Object
da7d08240f3bbbb51fb729b80da52140,Neg_Final,3,Subject
da7d08240f3bbbb51fb729b80da52140,Pos_Initial,16,Object
da7d08240f3bbbb51fb729b80da52140,Neg_Initial,14,Object
da7d08240f3bbbb51fb729b80da52140,Pos_Final,1,Object
da7d08240f3bbbb51fb729b80da52140,Neg_Final,19,Subject
da7d08240f3bbbb51fb729b80da52140,Pos_Initial,4,Subject
da7d08240f3bbbb51fb729b80da52140,Neg_Initial,6,Subject
da7d08240f3bbbb51fb729b80da52140,Pos_Final,13,Object
da7d08240f3bbbb51fb729b80da52140,Neg_Final,15,Object
da7d08240f3bbbb51fb729b80da52140,Pos_Initial,8,Sender
da7d08240f3bbbb51fb729b80da52140,Neg_Initial,2,Subject
da7d08240f3bbbb51fb729b80da52140,Pos_Final,17,Subject
da7d08240f3bbbb51fb729b80da52140,Neg_Final,11,Object
da7d08240f3bbbb51fb729b80da52140,Pos_Initial,12,Subject
da7d08240f3bbbb51fb729b80da52140,Neg_Initial,18,Sender
da7d08240f3bbbb51fb729b80da52140,Pos_Final,5,Sender
da7d08240f3bbbb51fb729b80da52140,Neg_Final,7,Object
da7d08240f3bbbb51fb729b80da52140,Pos_Initial,20,Subject
da7d08240f3bbbb51fb729b80da52140,Neg_Initial,10,Object
da7d08240f3bbbb51fb729b80da52140,Pos_Final,9,Object
da7d08240f3bbbb51fb729b80da52140,Neg_Final,3,Subject
da7d08240f3bbbb51fb729b80da52140,Pos_Initial,16,Object
da7d08240f3bbbb51fb729b80da52140,Neg_Initial,14,Object
da7d08240f3bbbb51fb729b80da52140,Pos_Final,1,Object
da7d08240f3bbbb51fb729b80da52140,Neg_Final,19,Subject
da7d08240f3bbbb51fb729b80da52140,Pos_Initial,4,Subject
da7d08240f3bbbb51fb729b80da52140,Neg_Initial,6,Subject
da7d08240f3bbbb51fb729b80da52140,Pos_Final,13,Object
da7d08240f3bbbb51fb729b80da52140,Neg_Final,15,Object
e5bea23a6e1c2d3b5532865d529ecca2,Neg_Initial,20,Sender
e5bea23a6e1c2d3b5532865d529ecca2,Pos_Final,7,Sender
e5bea23a6e1c2d3b5532865d529ecca2,Pos_Initial,18,Sender
e5bea23a6e1c2d3b5532865d529ecca2,Neg_Final,5,Sender
e5bea23a6e1c2d3b5532865d529ecca2,Neg_Initial,16,Sender
e5bea23a6e1c2d3b5532865d529ecca2,Pos_Final,19,Sender
e5bea23a6e1c2d3b5532865d529ecca2,Pos_Initial,2,Sender
e5bea23a6e1c2d3b5532865d529ecca2,Neg_Final,17,Sender
e5bea23a6e1c2d3b5532865d529ecca2,Neg_Initial,4,Sender
e5bea23a6e1c2d3b5532865d529ecca2,Pos_Final,11,Sender
e5bea23a6e1c2d3b5532865d529ecca2,Pos_Initial,10,Sender
e5bea23a6e1c2d3b5532865d529ecca2,Neg_Final,1,Sender
e5bea23a6e1c2d3b5532865d529ecca2,Neg_Initial,8,Sender
e5bea23a6e1c2d3b5532865d529ecca2,Pos_Final,3,Sender
e5bea23a6e1c2d3b5532865d529ecca2,Pos_Initial,6,Sender
e5bea23a6e1c2d3b5532865d529ecca2,Neg_Final,13,Sender
e5bea23a6e1c2d3b5532865d529ecca2,Neg_Initial,12,Sender
e5bea23a6e1c2d3b5532865d529ecca2,Pos_Final,15,Sender
e5bea23a6e1c2d3b5532865d529ecca2,Pos_Initial,14,Sender
e5bea23a6e1c2d3b5532865d529ecca2,Neg_Final,9,Object
e5bea23a6e1c2d3b5532865d529ecca2,Neg_Initial,20,Sender
e5bea23a6e1c2d3b5532865d529ecca2,Pos_Final,7,Sender
e5bea23a6e1c2d3b5532865d529ecca2,Pos_Initial,18,Sender
e5bea23a6e1c2d3b5532865d529ecca2,Neg_Final,5,Sender
e5bea23a6e1c2d3b5532865d529ecca2,Neg_Initial,16,Sender
e5bea23a6e1c2d3b5532865d529ecca2,Pos_Final,19,Sender
e5bea23a6e1c2d3b5532865d529ecca2,Pos_Initial,2,Sender
e5bea23a6e1c2d3b5532865d529ecca2,Neg_Final,17,Sender
e5bea23a6e1c2d3b5532865d529ecca2,Neg_Initial,4,Sender
e5bea23a6e1c2d3b5532865d529ecca2,Pos_Final,11,Sender
e5bea23a6e1c2d3b5532865d529ecca2,Pos_Initial,10,Sender
e5bea23a6e1c2d3b5532865d529ecca2,Neg_Final,1,Sender
e5bea23a6e1c2d3b5532865d529ecca2,Neg_Initial,8,Sender
e5bea23a6e1c2d3b5532865d529ecca2,Pos_Final,3,Sender
e5bea23a6e1c2d3b5532865d529ecca2,Pos_Initial,6,Sender
e5bea23a6e1c2d3b5532865d529ecca2,Neg_Final,13,Sender
e5bea23a6e1c2d3b5532865d529ecca2,Neg_Initial,12,Sender
e5bea23a6e1c2d3b5532865d529ecca2,Pos_Final,15,Sender
e5bea23a6e1c2d3b5532865d529ecca2,Pos_Initial,14,Sender
e5bea23a6e1c2d3b5532865d529ecca2,Neg_Final,9,Object
06d5086a2e6a6b1297ff99f93451f76e,Neg_Initial,18,Object
06d5086a2e6a6b1297ff99f93451f76e,Neg_Final,3,Object
06d5086a2e6a6b1297ff99f93451f76e,Pos_Final,13,Object
06d5086a2e6a6b1297ff99f93451f76e,Pos_Initial,16,Subject
06d5086a2e6a6b1297ff99f93451f76e,Neg_Initial,6,Object
06d5086a2e6a6b1297ff99f93451f76e,Neg_Final,11,Object
06d5086a2e6a6b1297ff99f93451f76e,Pos_Final,17,Object
06d5086a2e6a6b1297ff99f93451f76e,Pos_Initial,20,Object
06d5086a2e6a6b1297ff99f93451f76e,Neg_Initial,10,Object
06d5086a2e6a6b1297ff99f93451f76e,Neg_Final,19,Object
06d5086a2e6a6b1297ff99f93451f76e,Pos_Final,1,Object
06d5086a2e6a6b1297ff99f93451f76e,Pos_Initial,4,Object
06d5086a2e6a6b1297ff99f93451f76e,Neg_Initial,14,Object
06d5086a2e6a6b1297ff99f93451f76e,Neg_Final,7,Object
06d5086a2e6a6b1297ff99f93451f76e,Pos_Final,5,Subject
06d5086a2e6a6b1297ff99f93451f76e,Pos_Initial,8,Object
06d5086a2e6a6b1297ff99f93451f76e,Neg_Initial,2,Object
06d5086a2e6a6b1297ff99f93451f76e,Neg_Final,15,Object
06d5086a2e6a6b1297ff99f93451f76e,Pos_Final,9,Object
06d5086a2e6a6b1297ff99f93451f76e,Pos_Initial,12,Object
06d5086a2e6a6b1297ff99f93451f76e,Neg_Initial,18,Object
06d5086a2e6a6b1297ff99f93451f76e,Neg_Final,3,Object
06d5086a2e6a6b1297ff99f93451f76e,Pos_Final,13,Object
06d5086a2e6a6b1297ff99f93451f76e,Pos_Initial,16,Subject
06d5086a2e6a6b1297ff99f93451f76e,Neg_Initial,6,Object
06d5086a2e6a6b1297ff99f93451f76e,Neg_Final,11,Object
06d5086a2e6a6b1297ff99f93451f76e,Pos_Final,17,Object
06d5086a2e6a6b1297ff99f93451f76e,Pos_Initial,20,Object
06d5086a2e6a6b1297ff99f93451f76e,Neg_Initial,10,Object
06d5086a2e6a6b1297ff99f93451f76e,Neg_Final,19,Object
06d5086a2e6a6b1297ff99f93451f76e,Pos_Final,1,Object
06d5086a2e6a6b1297ff99f93451f76e,Pos_Initial,4,Object
06d5086a2e6a6b1297ff99f93451f76e,Neg_Initial,14,Object
06d5086a2e6a6b1297ff99f93451f76e,Neg_Final,7,Object
06d5086a2e6a6b1297ff99f93451f76e,Pos_Final,5,Subject
06d5086a2e6a6b1297ff99f93451f76e,Pos_Initial,8,Object
06d5086a2e6a6b1297ff99f93451f76e,Neg_Initial,2,Object
06d5086a2e6a6b1297ff99f93451f76e,Neg_Final,15,Object
06d5086a2e6a6b1297ff99f93451f76e,Pos_Final,9,Object
06d5086a2e6a6b1297ff99f93451f76e,Pos_Initial,12,Object
06d5086a2e6a6b1297ff99f93451f76e,Neg_Initial,8,Subject
06d5086a2e6a6b1297ff99f93451f76e,Pos_Initial,18,Subject
06d5086a2e6a6b1297ff99f93451f76e,Neg_Final,9,Subject
06d5086a2e6a6b1297ff99f93451f76e,Pos_Final,19,Subject
06d5086a2e6a6b1297ff99f93451f76e,Neg_Initial,12,Subject
06d5086a2e6a6b1297ff99f93451f76e,Pos_Initial,10,Subject
06d5086a2e6a6b1297ff99f93451f76e,Neg_Final,1,Subject
06d5086a2e6a6b1297ff99f93451f76e,Pos_Final,15,Subject
06d5086a2e6a6b1297ff99f93451f76e,Neg_Initial,20,Subject
06d5086a2e6a6b1297ff99f93451f76e,Pos_Initial,14,Subject
06d5086a2e6a6b1297ff99f93451f76e,Neg_Final,5,Subject
06d5086a2e6a6b1297ff99f93451f76e,Pos_Final,11,Subject
06d5086a2e6a6b1297ff99f93451f76e,Neg_Initial,4,Subject
06d5086a2e6a6b1297ff99f93451f76e,Pos_Initial,6,Subject
06d5086a2e6a6b1297ff99f93451f76e,Neg_Final,17,Subject
06d5086a2e6a6b1297ff99f93451f76e,Pos_Final,3,Subject
06d5086a2e6a6b1297ff99f93451f76e,Neg_Initial,16,Subject
06d5086a2e6a6b1297ff99f93451f76e,Pos_Initial,2,Subject
06d5086a2e6a6b1297ff99f93451f76e,Neg_Final,13,Subject
06d5086a2e6a6b1297ff99f93451f76e,Pos_Final,7,Subject
06d5086a2e6a6b1297ff99f93451f76e,Neg_Initial,8,Subject
06d5086a2e6a6b1297ff99f93451f76e,Pos_Initial,18,Subject
06d5086a2e6a6b1297ff99f93451f76e,Neg_Final,9,Subject
06d5086a2e6a6b1297ff99f93451f76e,Pos_Final,19,Subject
06d5086a2e6a6b1297ff99f93451f76e,Neg_Initial,12,Subject
06d5086a2e6a6b1297ff99f93451f76e,Pos_Initial,10,Subject
06d5086a2e6a6b1297ff99f93451f76e,Neg_Final,1,Subject
06d5086a2e6a6b1297ff99f93451f76e,Pos_Final,15,Subject
06d5086a2e6a6b1297ff99f93451f76e,Neg_Initial,20,Subject
06d5086a2e6a6b1297ff99f93451f76e,Pos_Initial,14,Subject
06d5086a2e6a6b1297ff99f93451f76e,Neg_Final,5,Subject
06d5086a2e6a6b1297ff99f93451f76e,Pos_Final,11,Subject
06d5086a2e6a6b1297ff99f93451f76e,Neg_Initial,4,Subject
06d5086a2e6a6b1297ff99f93451f76e,Pos_Initial,6,Subject
06d5086a2e6a6b1297ff99f93451f76e,Neg_Final,17,Subject
06d5086a2e6a6b1297ff99f93451f76e,Pos_Final,3,Subject
06d5086a2e6a6b1297ff99f93451f76e,Neg_Initial,16,Subject
06d5086a2e6a6b1297ff99f93451f76e,Pos_Initial,2,Subject
06d5086a2e6a6b1297ff99f93451f76e,Neg_Final,13,Subject
06d5086a2e6a6b1297ff99f93451f76e,Pos_Final,7,Subject
da7d08240f3bbbb51fb729b80da52140,Pos_Initial,20,Sender
da7d08240f3bbbb51fb729b80da52140,Neg_Initial,6,Sender
da7d08240f3bbbb51fb729b80da52140,Pos_Final,1,Sender
da7d08240f3bbbb51fb729b80da52140,Neg_Final,15,Sender
da7d08240f3bbbb51fb729b80da52140,Pos_Initial,16,Sender
da7d08240f3bbbb51fb729b80da52140,Neg_Initial,2,Sender
da7d08240f3bbbb51fb729b80da52140,Pos_Final,17,Sender
da7d08240f3bbbb51fb729b80da52140,Neg_Final,7,Sender
da7d08240f3bbbb51fb729b80da52140,Pos_Initial,4,Sender
da7d08240f3bbbb51fb729b80da52140,Neg_Initial,10,Sender
da7d08240f3bbbb51fb729b80da52140,Pos_Final,9,Sender
da7d08240f3bbbb51fb729b80da52140,Neg_Final,3,Sender
da7d08240f3bbbb51fb729b80da52140,Pos_Initial,12,Sender
da7d08240f3bbbb51fb729b80da52140,Neg_Initial,14,Sender
da7d08240f3bbbb51fb729b80da52140,Pos_Final,5,Sender
da7d08240f3bbbb51fb729b80da52140,Neg_Final,11,Sender
da7d08240f3bbbb51fb729b80da52140,Pos_Initial,8,Sender
da7d08240f3bbbb51fb729b80da52140,Neg_Initial,18,Sender
da7d08240f3bbbb51fb729b80da52140,Pos_Final,13,Sender
da7d08240f3bbbb51fb729b80da52140,Neg_Final,19,Sender
da7d08240f3bbbb51fb729b80da52140,Pos_Initial,20,Sender
da7d08240f3bbbb51fb729b80da52140,Neg_Initial,6,Sender
da7d08240f3bbbb51fb729b80da52140,Pos_Final,1,Sender
da7d08240f3bbbb51fb729b80da52140,Neg_Final,15,Sender
da7d08240f3bbbb51fb729b80da52140,Pos_Initial,16,Sender
da7d08240f3bbbb51fb729b80da52140,Neg_Initial,2,Sender
da7d08240f3bbbb51fb729b80da52140,Pos_Final,17,Sender
da7d08240f3bbbb51fb729b80da52140,Neg_Final,7,Sender
da7d08240f3bbbb51fb729b80da52140,Pos_Initial,4,Sender
da7d08240f3bbbb51fb729b80da52140,Neg_Initial,10,Sender
da7d08240f3bbbb51fb729b80da52140,Pos_Final,9,Sender
da7d08240f3bbbb51fb729b80da52140,Neg_Final,3,Sender
da7d08240f3bbbb51fb729b80da52140,Pos_Initial,12,Sender
da7d08240f3bbbb51fb729b80da52140,Neg_Initial,14,Sender
da7d08240f3bbbb51fb729b80da52140,Pos_Final,5,Sender
da7d08240f3bbbb51fb729b80da52140,Neg_Final,11,Sender
da7d08240f3bbbb51fb729b80da52140,Pos_Initial,8,Sender
da7d08240f3bbbb51fb729b80da52140,Neg_Initial,18,Sender
da7d08240f3bbbb51fb729b80da52140,Pos_Final,13,Sender
da7d08240f3bbbb51fb729b80da52140,Neg_Final,19,Sender
da7d08240f3bbbb51fb729b80da52140,Neg_Final,5,Subject
da7d08240f3bbbb51fb729b80da52140,Pos_Final,7,Sender
da7d08240f3bbbb51fb729b80da52140,Neg_Initial,12,Subject
da7d08240f3bbbb51fb729b80da52140,Pos_Initial,14,Subject
da7d08240f3bbbb51fb729b80da52140,Neg_Final,13,Object
da7d08240f3bbbb51fb729b80da52140,Pos_Final,3,Object
da7d08240f3bbbb51fb729b80da52140,Neg_Initial,8,Sender
da7d08240f3bbbb51fb729b80da52140,Pos_Initial,6,Subject
da7d08240f3bbbb51fb729b80da52140,Neg_Final,9,Object
da7d08240f3bbbb51fb729b80da52140,Pos_Final,15,Subject
da7d08240f3bbbb51fb729b80da52140,Neg_Initial,4,Sender
da7d08240f3bbbb51fb729b80da52140,Pos_Initial,10,Object
da7d08240f3bbbb51fb729b80da52140,Neg_Final,17,Subject
da7d08240f3bbbb51fb729b80da52140,Pos_Final,19,Sender
da7d08240f3bbbb51fb729b80da52140,Neg_Initial,20,Subject
da7d08240f3bbbb51fb729b80da52140,Pos_Initial,18,Subject
da7d08240f3bbbb51fb729b80da52140,Neg_Final,1,Object
da7d08240f3bbbb51fb729b80da52140,Pos_Final,11,Object
da7d08240f3bbbb51fb729b80da52140,Neg_Initial,16,Object
da7d08240f3bbbb51fb729b80da52140,Pos_Initial,2,Object
da7d08240f3bbbb51fb729b80da52140,Neg_Final,5,Subject
da7d08240f3bbbb51fb729b80da52140,Pos_Final,7,Sender
da7d08240f3bbbb51fb729b80da52140,Neg_Initial,12,Subject
da7d08240f3bbbb51fb729b80da52140,Pos_Initial,14,Subject
da7d08240f3bbbb51fb729b80da52140,Neg_Final,13,Object
da7d08240f3bbbb51fb729b80da52140,Pos_Final,3,Object
da7d08240f3bbbb51fb729b80da52140,Neg_Initial,8,Sender
da7d08240f3bbbb51fb729b80da52140,Pos_Initial,6,Subject
da7d08240f3bbbb51fb729b80da52140,Neg_Final,9,Object
da7d08240f3bbbb51fb729b80da52140,Pos_Final,15,Subject
da7d08240f3bbbb51fb729b80da52140,Neg_Initial,4,Sender
da7d08240f3bbbb51fb729b80da52140,Pos_Initial,10,Object
da7d08240f3bbbb51fb729b80da52140,Neg_Final,17,Subject
da7d08240f3bbbb51fb729b80da52140,Pos_Final,19,Sender
da7d08240f3bbbb51fb729b80da52140,Neg_Initial,20,Subject
da7d08240f3bbbb51fb729b80da52140,Pos_Initial,18,Subject
da7d08240f3bbbb51fb729b80da52140,Neg_Final,1,Object
da7d08240f3bbbb51fb729b80da52140,Pos_Final,11,Object
da7d08240f3bbbb51fb729b80da52140,Neg_Initial,16,Object
da7d08240f3bbbb51fb729b80da52140,Pos_Initial,2,Object
7a0fa34915648f0f5c18e37a135e2110,Pos_Final,5,Subject
7a0fa34915648f0f5c18e37a135e2110,Neg_Initial,18,Sender
7a0fa34915648f0f5c18e37a135e2110,Neg_Final,7,Sender
7a0fa34915648f0f5c18e37a135e2110,Pos_Initial,16,Subject
7a0fa34915648f0f5c18e37a135e2110,Pos_Final,9,Sender
7a0fa34915648f0f5c18e37a135e2110,Neg_Initial,10,Sender
7a0fa34915648f0f5c18e37a135e2110,Neg_Final,11,Sender
7a0fa34915648f0f5c18e37a135e2110,Pos_Initial,20,Subject
7a0fa34915648f0f5c18e37a135e2110,Pos_Final,13,Subject
7a0fa34915648f0f5c18e37a135e2110,Neg_Initial,14,Sender
7a0fa34915648f0f5c18e37a135e2110,Neg_Final,3,Sender
7a0fa34915648f0f5c18e37a135e2110,Pos_Initial,8,Subject
7a0fa34915648f0f5c18e37a135e2110,Pos_Final,17,Sender
7a0fa34915648f0f5c18e37a135e2110,Neg_Initial,2,Sender
7a0fa34915648f0f5c18e37a135e2110,Neg_Final,19,Sender
7a0fa34915648f0f5c18e37a135e2110,Pos_Initial,4,Sender
7a0fa34915648f0f5c18e37a135e2110,Pos_Final,1,Subject
7a0fa34915648f0f5c18e37a135e2110,Neg_Initial,6,Sender
7a0fa34915648f0f5c18e37a135e2110,Neg_Final,15,Sender
7a0fa34915648f0f5c18e37a135e2110,Pos_Initial,12,Sender
7a0fa34915648f0f5c18e37a135e2110,Pos_Final,5,Subject
7a0fa34915648f0f5c18e37a135e2110,Neg_Initial,18,Sender
7a0fa34915648f0f5c18e37a135e2110,Neg_Final,7,Sender
7a0fa34915648f0f5c18e37a135e2110,Pos_Initial,16,Subject
7a0fa34915648f0f5c18e37a135e2110,Pos_Final,9,Sender
7a0fa34915648f0f5c18e37a135e2110,Neg_Initial,10,Sender
7a0fa34915648f0f5c18e37a135e2110,Neg_Final,11,Sender
7a0fa34915648f0f5c18e37a135e2110,Pos_Initial,20,Subject
7a0fa34915648f0f5c18e37a135e2110,Pos_Final,13,Subject
7a0fa34915648f0f5c18e37a135e2110,Neg_Initial,14,Sender
7a0fa34915648f0f5c18e37a135e2110,Neg_Final,3,Sender
7a0fa34915648f0f5c18e37a135e2110,Pos_Initial,8,Subject
7a0fa34915648f0f5c18e37a135e2110,Pos_Final,17,Sender
7a0fa34915648f0f5c18e37a135e2110,Neg_Initial,2,Sender
7a0fa34915648f0f5c18e37a135e2110,Neg_Final,19,Sender
7a0fa34915648f0f5c18e37a135e2110,Pos_Initial,4,Sender
7a0fa34915648f0f5c18e37a135e2110,Pos_Final,1,Subject
7a0fa34915648f0f5c18e37a135e2110,Neg_Initial,6,Sender
7a0fa34915648f0f5c18e37a135e2110,Neg_Final,15,Sender
7a0fa34915648f0f5c18e37a135e2110,Pos_Initial,12,Sender
da7d08240f3bbbb51fb729b80da52140,Neg_Initial,8,Object
da7d08240f3bbbb51fb729b80da52140,Pos_Final,15,Sender
da7d08240f3bbbb51fb729b80da52140,Neg_Final,17,Object
da7d08240f3bbbb51fb729b80da52140,Pos_Initial,18,Object
da7d08240f3bbbb51fb729b80da52140,Neg_Initial,4,Object
da7d08240f3bbbb51fb729b80da52140,Pos_Final,7,Object
da7d08240f3bbbb51fb729b80da52140,Neg_Final,13,Object
da7d08240f3bbbb51fb729b80da52140,Pos_Initial,2,Sender
da7d08240f3bbbb51fb729b80da52140,Neg_Initial,16,Sender
da7d08240f3bbbb51fb729b80da52140,Pos_Final,11,Object
da7d08240f3bbbb51fb729b80da52140,Neg_Final,9,Object
da7d08240f3bbbb51fb729b80da52140,Pos_Initial,6,Subject
da7d08240f3bbbb51fb729b80da52140,Neg_Initial,20,Sender
da7d08240f3bbbb51fb729b80da52140,Pos_Final,3,Object
da7d08240f3bbbb51fb729b80da52140,Neg_Final,5,Sender
da7d08240f3bbbb51fb729b80da52140,Pos_Initial,14,Sender
da7d08240f3bbbb51fb729b80da52140,Neg_Initial,12,Object
da7d08240f3bbbb51fb729b80da52140,Pos_Final,19,Object
da7d08240f3bbbb51fb729b80da52140,Neg_Final,1,Object
da7d08240f3bbbb51fb729b80da52140,Pos_Initial,10,Object
da7d08240f3bbbb51fb729b80da52140,Neg_Initial,8,Object
da7d08240f3bbbb51fb729b80da52140,Pos_Final,15,Sender
da7d08240f3bbbb51fb729b80da52140,Neg_Final,17,Object
da7d08240f3bbbb51fb729b80da52140,Pos_Initial,18,Object
da7d08240f3bbbb51fb729b80da52140,Neg_Initial,4,Object
da7d08240f3bbbb51fb729b80da52140,Pos_Final,7,Object
da7d08240f3bbbb51fb729b80da52140,Neg_Final,13,Object
da7d08240f3bbbb51fb729b80da52140,Pos_Initial,2,Sender
da7d08240f3bbbb51fb729b80da52140,Neg_Initial,16,Sender
da7d08240f3bbbb51fb729b80da52140,Pos_Final,11,Object
da7d08240f3bbbb51fb729b80da52140,Neg_Final,9,Object
da7d08240f3bbbb51fb729b80da52140,Pos_Initial,6,Subject
da7d08240f3bbbb51fb729b80da52140,Neg_Initial,20,Sender
da7d08240f3bbbb51fb729b80da52140,Pos_Final,3,Object
da7d08240f3bbbb51fb729b80da52140,Neg_Final,5,Sender
da7d08240f3bbbb51fb729b80da52140,Pos_Initial,14,Sender
da7d08240f3bbbb51fb729b80da52140,Neg_Initial,12,Object
da7d08240f3bbbb51fb729b80da52140,Pos_Final,19,Object
da7d08240f3bbbb51fb729b80da52140,Neg_Final,1,Object
da7d08240f3bbbb51fb729b80da52140,Pos_Initial,10,Object
da7d08240f3bbbb51fb729b80da52140,Neg_Final,3,Sender
da7d08240f3bbbb51fb729b80da52140,Neg_Initial,18,Sender
da7d08240f3bbbb51fb729b80da52140,Pos_Final,5,Sender
da7d08240f3bbbb51fb729b80da52140,Pos_Initial,20,Sender
da7d08240f3bbbb51fb729b80da52140,Neg_Final,11,Sender
da7d08240f3bbbb51fb729b80da52140,Neg_Initial,14,Sender
da7d08240f3bbbb51fb729b80da52140,Pos_Final,13,Sender
da7d08240f3bbbb51fb729b80da52140,Pos_Initial,4,Sender
da7d08240f3bbbb51fb729b80da52140,Neg_Final,19,Sender
da7d08240f3bbbb51fb729b80da52140,Neg_Initial,6,Sender
da7d08240f3bbbb51fb729b80da52140,Pos_Final,17,Sender
da7d08240f3bbbb51fb729b80da52140,Pos_Initial,8,Sender
da7d08240f3bbbb51fb729b80da52140,Neg_Final,7,Sender
da7d08240f3bbbb51fb729b80da52140,Neg_Initial,2,Sender
da7d08240f3bbbb51fb729b80da52140,Pos_Final,9,Sender
da7d08240f3bbbb51fb729b80da52140,Pos_Initial,16,Sender
da7d08240f3bbbb51fb729b80da52140,Neg_Final,15,Sender
da7d08240f3bbbb51fb729b80da52140,Neg_Initial,10,Sender
da7d08240f3bbbb51fb729b80da52140,Pos_Final,1,Sender
da7d08240f3bbbb51fb729b80da52140,Pos_Initial,12,Sender
da7d08240f3bbbb51fb729b80da52140,Neg_Final,3,Sender
da7d08240f3bbbb51fb729b80da52140,Neg_Initial,18,Sender
da7d08240f3bbbb51fb729b80da52140,Pos_Final,5,Sender
da7d08240f3bbbb51fb729b80da52140,Pos_Initial,20,Sender
da7d08240f3bbbb51fb729b80da52140,Neg_Final,11,Sender
da7d08240f3bbbb51fb729b80da52140,Neg_Initial,14,Sender
da7d08240f3bbbb51fb729b80da52140,Pos_Final,13,Sender
da7d08240f3bbbb51fb729b80da52140,Pos_Initial,4,Sender
da7d08240f3bbbb51fb729b80da52140,Neg_Final,19,Sender
da7d08240f3bbbb51fb729b80da52140,Neg_Initial,6,Sender
da7d08240f3bbbb51fb729b80da52140,Pos_Final,17,Sender
da7d08240f3bbbb51fb729b80da52140,Pos_Initial,8,Sender
da7d08240f3bbbb51fb729b80da52140,Neg_Final,7,Sender
da7d08240f3bbbb51fb729b80da52140,Neg_Initial,2,Sender
da7d08240f3bbbb51fb729b80da52140,Pos_Final,9,Sender
da7d08240f3bbbb51fb729b80da52140,Pos_Initial,16,Sender
da7d08240f3bbbb51fb729b80da52140,Neg_Final,15,Sender
da7d08240f3bbbb51fb729b80da52140,Neg_Initial,10,Sender
da7d08240f3bbbb51fb729b80da52140,Pos_Final,1,Sender
da7d08240f3bbbb51fb729b80da52140,Pos_Initial,12,Sender
da7d08240f3bbbb51fb729b80da52140,Neg_Final,9,Subject
da7d08240f3bbbb51fb729b80da52140,Pos_Initial,18,Subject
da7d08240f3bbbb51fb729b80da52140,Pos_Final,15,Subject
da7d08240f3bbbb51fb729b80da52140,Neg_Initial,8,Subject
da7d08240f3bbbb51fb729b80da52140,Neg_Final,17,Subject
da7d08240f3bbbb51fb729b80da52140,Pos_Initial,14,Subject
da7d08240f3bbbb51fb729b80da52140,Pos_Final,3,Subject
da7d08240f3bbbb51fb729b80da52140,Neg_Initial,4,Subject
da7d08240f3bbbb51fb729b80da52140,Neg_Final,13,Subject
da7d08240f3bbbb51fb729b80da52140,Pos_Initial,10,Subject
da7d08240f3bbbb51fb729b80da52140,Pos_Final,11,Subject
da7d08240f3bbbb51fb729b80da52140,Neg_Initial,20,Subject
da7d08240f3bbbb51fb729b80da52140,Neg_Final,1,Subject
da7d08240f3bbbb51fb729b80da52140,Pos_Initial,6,Subject
da7d08240f3bbbb51fb729b80da52140,Pos_Final,19,Subject
da7d08240f3bbbb51fb729b80da52140,Neg_Initial,16,Subject
da7d08240f3bbbb51fb729b80da52140,Neg_Final,5,Subject
da7d08240f3bbbb51fb729b80da52140,Pos_Initial,2,Subject
da7d08240f3bbbb51fb729b80da52140,Pos_Final,7,Subject
da7d08240f3bbbb51fb729b80da52140,Neg_Initial,12,Subject
da7d08240f3bbbb51fb729b80da52140,Neg_Final,9,Subject
da7d08240f3bbbb51fb729b80da52140,Pos_Initial,18,Subject
da7d08240f3bbbb51fb729b80da52140,Pos_Final,15,Subject
da7d08240f3bbbb51fb729b80da52140,Neg_Initial,8,Subject
da7d08240f3bbbb51fb729b80da52140,Neg_Final,17,Subject
da7d08240f3bbbb51fb729b80da52140,Pos_Initial,14,Subject
da7d08240f3bbbb51fb729b80da52140,Pos_Final,3,Subject
da7d08240f3bbbb51fb729b80da52140,Neg_Initial,4,Subject
da7d08240f3bbbb51fb729b80da52140,Neg_Final,13,Subject
da7d08240f3bbbb51fb729b80da52140,Pos_Initial,10,Subject
da7d08240f3bbbb51fb729b80da52140,Pos_Final,11,Subject
da7d08240f3bbbb51fb729b80da52140,Neg_Initial,20,Subject
da7d08240f3bbbb51fb729b80da52140,Neg_Final,1,Subject
da7d08240f3bbbb51fb729b80da52140,Pos_Initial,6,Subject
da7d08240f3bbbb51fb729b80da52140,Pos_Final,19,Subject
da7d08240f3bbbb51fb729b80da52140,Neg_Initial,16,Subject
da7d08240f3bbbb51fb729b80da52140,Neg_Final,5,Subject
da7d08240f3bbbb51fb729b80da52140,Pos_Initial,2,Subject
da7d08240f3bbbb51fb729b80da52140,Pos_Final,7,Subject
da7d08240f3bbbb51fb729b80da52140,Neg_Initial,12,Subject